layer,neuron,rank,subcomponent,connecting_weight,abs_weight
gate_proj,1712,1,1252,0.238006,0.238006
gate_proj,1712,2,22895,0.221745,0.221745
gate_proj,1712,3,9794,-0.207675,0.207675
gate_proj,1712,4,17838,-0.164772,0.164772
gate_proj,1712,5,19312,-0.147573,0.147573
gate_proj,1712,6,1017,-0.143861,0.143861
gate_proj,1712,7,17344,0.140235,0.140235
gate_proj,1712,8,8047,-0.137151,0.137151
gate_proj,1712,9,22789,-0.133480,0.133480
gate_proj,1712,10,8248,0.119387,0.119387
gate_proj,1712,11,13572,0.117431,0.117431
gate_proj,1712,12,20655,-0.114972,0.114972
gate_proj,1712,13,1304,-0.112557,0.112557
gate_proj,1712,14,21650,0.109535,0.109535
gate_proj,1712,15,13647,-0.095073,0.095073
gate_proj,1712,16,6629,0.094255,0.094255
gate_proj,1712,17,5147,0.074169,0.074169
gate_proj,1712,18,2175,0.073356,0.073356
gate_proj,1712,19,5785,-0.068950,0.068950
gate_proj,1712,20,4001,-0.066166,0.066166
gate_proj,1712,21,5037,0.064628,0.064628
gate_proj,1712,22,24411,0.064581,0.064581
gate_proj,1712,23,4435,-0.053383,0.053383
gate_proj,1712,24,7226,-0.043626,0.043626
gate_proj,1712,25,23023,0.043438,0.043438
gate_proj,1712,26,18836,0.043335,0.043335
gate_proj,1712,27,17684,0.042499,0.042499
gate_proj,1712,28,23087,-0.041803,0.041803
gate_proj,1712,29,13196,-0.040340,0.040340
gate_proj,1712,30,19491,0.038776,0.038776
gate_proj,1712,31,15746,0.038065,0.038065
gate_proj,1712,32,7478,-0.035572,0.035572
gate_proj,1712,33,23035,0.034895,0.034895
gate_proj,1712,34,8844,0.034065,0.034065
gate_proj,1712,35,5179,0.033374,0.033374
gate_proj,1712,36,16106,0.032862,0.032862
gate_proj,1712,37,19599,0.031808,0.031808
gate_proj,1712,38,8960,0.031588,0.031588
gate_proj,1712,39,2940,0.031497,0.031497
gate_proj,1712,40,12614,-0.029475,0.029475
gate_proj,1712,41,4112,-0.029427,0.029427
gate_proj,1712,42,7737,0.029192,0.029192
gate_proj,1712,43,16401,0.029045,0.029045
gate_proj,1712,44,8673,-0.028701,0.028701
gate_proj,1712,45,15765,0.027830,0.027830
gate_proj,1712,46,20716,0.026528,0.026528
gate_proj,1712,47,3408,0.026109,0.026109
gate_proj,1712,48,1474,0.025949,0.025949
gate_proj,1712,49,11474,-0.025664,0.025664
gate_proj,1712,50,11141,0.025395,0.025395
gate_proj,10297,1,5147,-0.090348,0.090348
gate_proj,10297,2,10567,-0.066132,0.066132
gate_proj,10297,3,1252,0.064052,0.064052
gate_proj,10297,4,17747,-0.063881,0.063881
gate_proj,10297,5,11229,0.063286,0.063286
gate_proj,10297,6,7478,-0.063252,0.063252
gate_proj,10297,7,5785,0.061724,0.061724
gate_proj,10297,8,23529,0.059194,0.059194
gate_proj,10297,9,9794,-0.058481,0.058481
gate_proj,10297,10,11141,0.056658,0.056658
gate_proj,10297,11,17838,-0.054432,0.054432
gate_proj,10297,12,19312,-0.050991,0.050991
gate_proj,10297,13,12008,0.047911,0.047911
gate_proj,10297,14,22895,0.047901,0.047901
gate_proj,10297,15,17344,0.046978,0.046978
gate_proj,10297,16,1017,-0.045766,0.045766
gate_proj,10297,17,4112,0.045041,0.045041
gate_proj,10297,18,22789,-0.042635,0.042635
gate_proj,10297,19,21650,0.042240,0.042240
gate_proj,10297,20,7737,0.042090,0.042090
gate_proj,10297,21,8047,-0.037625,0.037625
gate_proj,10297,22,18221,0.037039,0.037039
gate_proj,10297,23,6629,0.036452,0.036452
gate_proj,10297,24,23087,-0.036292,0.036292
gate_proj,10297,25,13572,0.034179,0.034179
gate_proj,10297,26,23023,0.032632,0.032632
gate_proj,10297,27,8248,0.031179,0.031179
gate_proj,10297,28,13647,-0.030274,0.030274
gate_proj,10297,29,20564,0.029599,0.029599
gate_proj,10297,30,5101,0.029197,0.029197
gate_proj,10297,31,1171,-0.028936,0.028936
gate_proj,10297,32,13603,-0.028076,0.028076
gate_proj,10297,33,19599,0.027409,0.027409
gate_proj,10297,34,21330,-0.027343,0.027343
gate_proj,10297,35,10418,-0.026574,0.026574
gate_proj,10297,36,7911,0.025182,0.025182
gate_proj,10297,37,23161,0.024919,0.024919
gate_proj,10297,38,20655,-0.024898,0.024898
gate_proj,10297,39,23139,0.024248,0.024248
gate_proj,10297,40,9646,0.022932,0.022932
gate_proj,10297,41,11474,-0.022182,0.022182
gate_proj,10297,42,19451,0.021868,0.021868
gate_proj,10297,43,779,0.021568,0.021568
gate_proj,10297,44,23755,-0.021106,0.021106
gate_proj,10297,45,18836,0.021031,0.021031
gate_proj,10297,46,11787,-0.020620,0.020620
gate_proj,10297,47,4562,-0.020211,0.020211
gate_proj,10297,48,181,0.020050,0.020050
gate_proj,10297,49,1304,-0.019910,0.019910
gate_proj,10297,50,2432,0.019738,0.019738
gate_proj,8859,1,3408,0.106339,0.106339
gate_proj,8859,2,3060,0.075474,0.075474
gate_proj,8859,3,13196,0.060787,0.060787
gate_proj,8859,4,4032,0.054163,0.054163
gate_proj,8859,5,7548,0.046415,0.046415
gate_proj,8859,6,12162,-0.045479,0.045479
gate_proj,8859,7,20716,0.043731,0.043731
gate_proj,8859,8,17747,-0.042165,0.042165
gate_proj,8859,9,15441,-0.041799,0.041799
gate_proj,8859,10,15765,0.040914,0.040914
gate_proj,8859,11,4112,0.040089,0.040089
gate_proj,8859,12,12008,0.039826,0.039826
gate_proj,8859,13,10720,-0.039760,0.039760
gate_proj,8859,14,7478,-0.039446,0.039446
gate_proj,8859,15,10567,-0.038055,0.038055
gate_proj,8859,16,19599,-0.037980,0.037980
gate_proj,8859,17,5785,0.037227,0.037227
gate_proj,8859,18,4001,-0.037020,0.037020
gate_proj,8859,19,14143,-0.036399,0.036399
gate_proj,8859,20,23161,0.035652,0.035652
gate_proj,8859,21,1034,-0.035590,0.035590
gate_proj,8859,22,21755,-0.035321,0.035321
gate_proj,8859,23,21330,-0.033975,0.033975
gate_proj,8859,24,19214,-0.030959,0.030959
gate_proj,8859,25,7737,0.030870,0.030870
gate_proj,8859,26,23771,-0.030748,0.030748
gate_proj,8859,27,11141,0.029992,0.029992
gate_proj,8859,28,5185,0.029590,0.029590
gate_proj,8859,29,23529,0.028652,0.028652
gate_proj,8859,30,23606,-0.028361,0.028361
gate_proj,8859,31,2917,-0.028232,0.028232
gate_proj,8859,32,23490,0.027998,0.027998
gate_proj,8859,33,23139,-0.027539,0.027539
gate_proj,8859,34,779,0.027483,0.027483
gate_proj,8859,35,6058,-0.027434,0.027434
gate_proj,8859,36,11229,-0.027227,0.027227
gate_proj,8859,37,8960,0.026496,0.026496
gate_proj,8859,38,1304,0.026052,0.026052
gate_proj,8859,39,24411,-0.024581,0.024581
gate_proj,8859,40,12614,-0.024117,0.024117
gate_proj,8859,41,9590,0.024053,0.024053
gate_proj,8859,42,4092,0.023698,0.023698
gate_proj,8859,43,17137,-0.023320,0.023320
gate_proj,8859,44,15905,0.021852,0.021852
gate_proj,8859,45,6855,-0.021852,0.021852
gate_proj,8859,46,18307,0.021441,0.021441
gate_proj,8859,47,6699,-0.021329,0.021329
gate_proj,8859,48,4435,0.021264,0.021264
gate_proj,8859,49,13240,-0.020990,0.020990
gate_proj,8859,50,21811,0.020928,0.020928
gate_proj,8887,1,3408,-0.062993,0.062993
gate_proj,8887,2,13196,-0.056272,0.056272
gate_proj,8887,3,11141,0.054738,0.054738
gate_proj,8887,4,23529,0.052365,0.052365
gate_proj,8887,5,21330,-0.051477,0.051477
gate_proj,8887,6,4112,0.048882,0.048882
gate_proj,8887,7,11229,-0.048759,0.048759
gate_proj,8887,8,7737,0.043020,0.043020
gate_proj,8887,9,17747,-0.038904,0.038904
gate_proj,8887,10,4001,0.038271,0.038271
gate_proj,8887,11,4032,0.038265,0.038265
gate_proj,8887,12,7478,-0.035495,0.035495
gate_proj,8887,13,5147,-0.032452,0.032452
gate_proj,8887,14,12451,0.031567,0.031567
gate_proj,8887,15,6058,0.030890,0.030890
gate_proj,8887,16,12614,-0.030210,0.030210
gate_proj,8887,17,5101,0.029876,0.029876
gate_proj,8887,18,17137,-0.029478,0.029478
gate_proj,8887,19,8873,0.029104,0.029104
gate_proj,8887,20,6855,-0.028493,0.028493
gate_proj,8887,21,7548,-0.027925,0.027925
gate_proj,8887,22,5185,-0.027027,0.027027
gate_proj,8887,23,20655,0.026931,0.026931
gate_proj,8887,24,3175,0.026725,0.026725
gate_proj,8887,25,18221,0.026366,0.026366
gate_proj,8887,26,10567,-0.025571,0.025571
gate_proj,8887,27,19599,0.024766,0.024766
gate_proj,8887,28,23771,0.024632,0.024632
gate_proj,8887,29,23781,0.024537,0.024537
gate_proj,8887,30,15905,0.024163,0.024163
gate_proj,8887,31,5420,0.024126,0.024126
gate_proj,8887,32,16401,0.023938,0.023938
gate_proj,8887,33,11151,-0.023577,0.023577
gate_proj,8887,34,6164,0.023191,0.023191
gate_proj,8887,35,23490,-0.022366,0.022366
gate_proj,8887,36,20915,0.022229,0.022229
gate_proj,8887,37,9590,-0.022007,0.022007
gate_proj,8887,38,17184,-0.021981,0.021981
gate_proj,8887,39,15132,0.021900,0.021900
gate_proj,8887,40,18311,-0.021325,0.021325
gate_proj,8887,41,2318,0.020790,0.020790
gate_proj,8887,42,23023,0.020556,0.020556
gate_proj,8887,43,6573,-0.019992,0.019992
gate_proj,8887,44,23606,-0.019833,0.019833
gate_proj,8887,45,4435,0.019692,0.019692
gate_proj,8887,46,2917,0.019363,0.019363
gate_proj,8887,47,16385,-0.019249,0.019249
gate_proj,8887,48,9832,-0.019236,0.019236
gate_proj,8887,49,1560,0.019175,0.019175
gate_proj,8887,50,4715,-0.019008,0.019008
gate_proj,3896,1,11229,-0.077150,0.077150
gate_proj,3896,2,3060,0.058917,0.058917
gate_proj,3896,3,3408,0.057293,0.057293
gate_proj,3896,4,8673,0.049384,0.049384
gate_proj,3896,5,7478,-0.039505,0.039505
gate_proj,3896,6,4112,0.038705,0.038705
gate_proj,3896,7,10567,0.037781,0.037781
gate_proj,3896,8,21330,-0.035884,0.035884
gate_proj,3896,9,23755,0.035566,0.035566
gate_proj,3896,10,2917,-0.034617,0.034617
gate_proj,3896,11,17747,-0.034528,0.034528
gate_proj,3896,12,1304,0.033954,0.033954
gate_proj,3896,13,4435,0.033334,0.033334
gate_proj,3896,14,20915,0.032799,0.032799
gate_proj,3896,15,4032,0.031955,0.031955
gate_proj,3896,16,17117,-0.031625,0.031625
gate_proj,3896,17,6573,0.031428,0.031428
gate_proj,3896,18,10720,-0.030337,0.030337
gate_proj,3896,19,9590,0.030047,0.030047
gate_proj,3896,20,11787,0.029272,0.029272
gate_proj,3896,21,13196,0.028641,0.028641
gate_proj,3896,22,4715,0.027871,0.027871
gate_proj,3896,23,8873,-0.027005,0.027005
gate_proj,3896,24,23529,0.026949,0.026949
gate_proj,3896,25,11474,-0.026175,0.026175
gate_proj,3896,26,2175,-0.026171,0.026171
gate_proj,3896,27,15905,0.026038,0.026038
gate_proj,3896,28,22776,0.025197,0.025197
gate_proj,3896,29,9789,0.024516,0.024516
gate_proj,3896,30,14990,-0.024308,0.024308
gate_proj,3896,31,20716,0.024175,0.024175
gate_proj,3896,32,23490,0.023875,0.023875
gate_proj,3896,33,7737,0.023584,0.023584
gate_proj,3896,34,6058,-0.023069,0.023069
gate_proj,3896,35,22384,-0.022997,0.022997
gate_proj,3896,36,9646,0.022828,0.022828
gate_proj,3896,37,6196,-0.022814,0.022814
gate_proj,3896,38,11141,0.021912,0.021912
gate_proj,3896,39,714,-0.021640,0.021640
gate_proj,3896,40,18610,-0.021226,0.021226
gate_proj,3896,41,12977,-0.021183,0.021183
gate_proj,3896,42,24411,-0.020969,0.020969
gate_proj,3896,43,8960,0.020719,0.020719
gate_proj,3896,44,15896,0.020329,0.020329
gate_proj,3896,45,13003,-0.020155,0.020155
gate_proj,3896,46,12133,0.020008,0.020008
gate_proj,3896,47,9832,0.019345,0.019345
gate_proj,3896,48,1398,0.019318,0.019318
gate_proj,3896,49,19259,-0.019310,0.019310
gate_proj,3896,50,17184,-0.019206,0.019206
gate_proj,12728,1,3060,0.148994,0.148994
gate_proj,12728,2,4435,0.098145,0.098145
gate_proj,12728,3,4032,0.091635,0.091635
gate_proj,12728,4,15765,0.086658,0.086658
gate_proj,12728,5,8673,0.078276,0.078276
gate_proj,12728,6,20915,0.076876,0.076876
gate_proj,12728,7,4112,0.075667,0.075667
gate_proj,12728,8,13196,-0.073817,0.073817
gate_proj,12728,9,16401,0.055773,0.055773
gate_proj,12728,10,23023,0.054967,0.054967
gate_proj,12728,11,20655,0.054432,0.054432
gate_proj,12728,12,9102,0.052234,0.052234
gate_proj,12728,13,12614,-0.048659,0.048659
gate_proj,12728,14,7478,-0.048629,0.048629
gate_proj,12728,15,3408,0.048044,0.048044
gate_proj,12728,16,714,-0.045711,0.045711
gate_proj,12728,17,7737,0.043996,0.043996
gate_proj,12728,18,23529,0.042784,0.042784
gate_proj,12728,19,14526,-0.041552,0.041552
gate_proj,12728,20,1304,0.041371,0.041371
gate_proj,12728,21,23087,-0.041099,0.041099
gate_proj,12728,22,1604,0.040553,0.040553
gate_proj,12728,23,5147,-0.038447,0.038447
gate_proj,12728,24,23139,-0.038368,0.038368
gate_proj,12728,25,24411,-0.037873,0.037873
gate_proj,12728,26,3939,0.037516,0.037516
gate_proj,12728,27,4092,0.037126,0.037126
gate_proj,12728,28,15441,0.036704,0.036704
gate_proj,12728,29,23869,0.035689,0.035689
gate_proj,12728,30,3908,0.034980,0.034980
gate_proj,12728,31,23771,0.033266,0.033266
gate_proj,12728,32,4001,0.032427,0.032427
gate_proj,12728,33,11151,-0.031819,0.031819
gate_proj,12728,34,23053,-0.030951,0.030951
gate_proj,12728,35,20796,0.030267,0.030267
gate_proj,12728,36,19599,-0.029141,0.029141
gate_proj,12728,37,8451,0.028671,0.028671
gate_proj,12728,38,3134,0.028398,0.028398
gate_proj,12728,39,15138,-0.028390,0.028390
gate_proj,12728,40,18221,0.027796,0.027796
gate_proj,12728,41,17747,-0.026476,0.026476
gate_proj,12728,42,11229,0.025783,0.025783
gate_proj,12728,43,16085,0.025704,0.025704
gate_proj,12728,44,5101,0.025495,0.025495
gate_proj,12728,45,6964,-0.025396,0.025396
gate_proj,12728,46,14143,-0.025212,0.025212
gate_proj,12728,47,2175,-0.024828,0.024828
gate_proj,12728,48,6699,0.024780,0.024780
gate_proj,12728,49,9590,0.024053,0.024053
gate_proj,12728,50,18836,0.023798,0.023798
gate_proj,2404,1,13196,-0.125008,0.125008
gate_proj,2404,2,15441,0.105684,0.105684
gate_proj,2404,3,3060,0.097325,0.097325
gate_proj,2404,4,4032,0.096756,0.096756
gate_proj,2404,5,3408,-0.094956,0.094956
gate_proj,2404,6,8673,0.092675,0.092675
gate_proj,2404,7,4001,0.083989,0.083989
gate_proj,2404,8,12614,-0.083474,0.083474
gate_proj,2404,9,4435,0.082399,0.082399
gate_proj,2404,10,20655,0.074964,0.074964
gate_proj,2404,11,20915,0.073805,0.073805
gate_proj,2404,12,23771,0.073318,0.073318
gate_proj,2404,13,11151,-0.063835,0.063835
gate_proj,2404,14,4112,0.061850,0.061850
gate_proj,2404,15,16401,0.060958,0.060958
gate_proj,2404,16,7478,-0.058996,0.058996
gate_proj,2404,17,1560,0.051543,0.051543
gate_proj,2404,18,23529,0.048695,0.048695
gate_proj,2404,19,12451,0.047937,0.047937
gate_proj,2404,20,7548,-0.041813,0.041813
gate_proj,2404,21,9102,0.041769,0.041769
gate_proj,2404,22,7737,0.040346,0.040346
gate_proj,2404,23,18836,0.040024,0.040024
gate_proj,2404,24,4092,0.038797,0.038797
gate_proj,2404,25,19507,0.037672,0.037672
gate_proj,2404,26,6699,0.036091,0.036091
gate_proj,2404,27,21330,-0.035638,0.035638
gate_proj,2404,28,17747,-0.035266,0.035266
gate_proj,2404,29,23023,0.034662,0.034662
gate_proj,2404,30,2796,0.033043,0.033043
gate_proj,2404,31,714,-0.030563,0.030563
gate_proj,2404,32,14526,-0.029577,0.029577
gate_proj,2404,33,11141,0.029394,0.029394
gate_proj,2404,34,8451,0.029351,0.029351
gate_proj,2404,35,19942,-0.028840,0.028840
gate_proj,2404,36,23490,-0.028741,0.028741
gate_proj,2404,37,23087,-0.027879,0.027879
gate_proj,2404,38,21811,0.027279,0.027279
gate_proj,2404,39,6964,-0.027253,0.027253
gate_proj,2404,40,22824,-0.027040,0.027040
gate_proj,2404,41,13240,0.026976,0.026976
gate_proj,2404,42,3939,0.026728,0.026728
gate_proj,2404,43,20796,0.025514,0.025514
gate_proj,2404,44,23161,0.025170,0.025170
gate_proj,2404,45,6511,0.023528,0.023528
gate_proj,2404,46,5101,0.023109,0.023109
gate_proj,2404,47,22465,-0.023054,0.023054
gate_proj,2404,48,8844,0.022995,0.022995
gate_proj,2404,49,23053,-0.021849,0.021849
gate_proj,2404,50,1034,-0.021777,0.021777
gate_proj,13492,1,3060,0.095545,0.095545
gate_proj,13492,2,4032,0.093161,0.093161
gate_proj,13492,3,12614,-0.082918,0.082918
gate_proj,13492,4,20915,0.080072,0.080072
gate_proj,13492,5,16401,0.069759,0.069759
gate_proj,13492,6,4435,0.067440,0.067440
gate_proj,13492,7,3408,0.061122,0.061122
gate_proj,13492,8,1304,0.058033,0.058033
gate_proj,13492,9,14143,-0.051761,0.051761
gate_proj,13492,10,15765,0.046926,0.046926
gate_proj,13492,11,13603,-0.045258,0.045258
gate_proj,13492,12,11151,-0.041746,0.041746
gate_proj,13492,13,9590,0.041690,0.041690
gate_proj,13492,14,8673,0.040678,0.040678
gate_proj,13492,15,19703,-0.038899,0.038899
gate_proj,13492,16,2175,-0.035942,0.035942
gate_proj,13492,17,23139,-0.035933,0.035933
gate_proj,13492,18,20655,0.035499,0.035499
gate_proj,13492,19,23023,0.031763,0.031763
gate_proj,13492,20,20796,0.030629,0.030629
gate_proj,13492,21,3908,0.027791,0.027791
gate_proj,13492,22,13196,-0.027317,0.027317
gate_proj,13492,23,6573,0.026903,0.026903
gate_proj,13492,24,23529,0.025983,0.025983
gate_proj,13492,25,11141,0.025624,0.025624
gate_proj,13492,26,16259,0.024208,0.024208
gate_proj,13492,27,4112,0.024074,0.024074
gate_proj,13492,28,17747,-0.023683,0.023683
gate_proj,13492,29,5437,-0.022877,0.022877
gate_proj,13492,30,12239,-0.022121,0.022121
gate_proj,13492,31,7478,-0.021567,0.021567
gate_proj,13492,32,9102,0.021096,0.021096
gate_proj,13492,33,7737,0.020893,0.020893
gate_proj,13492,34,17117,-0.020415,0.020415
gate_proj,13492,35,16385,-0.020395,0.020395
gate_proj,13492,36,563,0.020233,0.020233
gate_proj,13492,37,18836,0.020185,0.020185
gate_proj,13492,38,24411,-0.020015,0.020015
gate_proj,13492,39,23301,-0.019447,0.019447
gate_proj,13492,40,5037,0.018851,0.018851
gate_proj,13492,41,15348,-0.018754,0.018754
gate_proj,13492,42,23606,-0.018743,0.018743
gate_proj,13492,43,23087,-0.018279,0.018279
gate_proj,13492,44,23771,-0.018036,0.018036
gate_proj,13492,45,19451,0.017707,0.017707
gate_proj,13492,46,23161,0.017664,0.017664
gate_proj,13492,47,12008,0.017184,0.017184
gate_proj,13492,48,8408,-0.017041,0.017041
gate_proj,13492,49,1604,0.016876,0.016876
gate_proj,13492,50,20257,-0.016494,0.016494
up_proj,1712,1,3905,-0.102964,0.102964
up_proj,1712,2,10274,0.096799,0.096799
up_proj,1712,3,10141,0.078994,0.078994
up_proj,1712,4,9700,-0.063672,0.063672
up_proj,1712,5,14029,0.063553,0.063553
up_proj,1712,6,24399,0.052279,0.052279
up_proj,1712,7,19199,-0.046653,0.046653
up_proj,1712,8,17253,0.046226,0.046226
up_proj,1712,9,22842,0.044027,0.044027
up_proj,1712,10,11787,0.042588,0.042588
up_proj,1712,11,14601,-0.040125,0.040125
up_proj,1712,12,12675,0.039238,0.039238
up_proj,1712,13,5065,-0.038542,0.038542
up_proj,1712,14,3012,0.037464,0.037464
up_proj,1712,15,20165,-0.033411,0.033411
up_proj,1712,16,17660,-0.032567,0.032567
up_proj,1712,17,10825,0.032486,0.032486
up_proj,1712,18,12358,0.032014,0.032014
up_proj,1712,19,18232,-0.031712,0.031712
up_proj,1712,20,18415,0.030947,0.030947
up_proj,1712,21,5922,-0.030453,0.030453
up_proj,1712,22,7142,-0.028767,0.028767
up_proj,1712,23,22396,0.027682,0.027682
up_proj,1712,24,4099,-0.026993,0.026993
up_proj,1712,25,24276,-0.026673,0.026673
up_proj,1712,26,7443,-0.026171,0.026171
up_proj,1712,27,7510,-0.026150,0.026150
up_proj,1712,28,12194,0.025973,0.025973
up_proj,1712,29,906,0.025178,0.025178
up_proj,1712,30,16991,0.025070,0.025070
up_proj,1712,31,2505,0.024959,0.024959
up_proj,1712,32,729,-0.024719,0.024719
up_proj,1712,33,13296,0.023845,0.023845
up_proj,1712,34,10394,0.023608,0.023608
up_proj,1712,35,4306,0.023393,0.023393
up_proj,1712,36,14910,-0.022855,0.022855
up_proj,1712,37,7744,0.022701,0.022701
up_proj,1712,38,19358,0.022602,0.022602
up_proj,1712,39,8877,-0.021901,0.021901
up_proj,1712,40,19051,0.021474,0.021474
up_proj,1712,41,18308,-0.021115,0.021115
up_proj,1712,42,16444,-0.020585,0.020585
up_proj,1712,43,14174,-0.020446,0.020446
up_proj,1712,44,19018,0.020343,0.020343
up_proj,1712,45,15926,-0.020229,0.020229
up_proj,1712,46,6988,0.020146,0.020146
up_proj,1712,47,15051,0.020134,0.020134
up_proj,1712,48,10923,0.020093,0.020093
up_proj,1712,49,7305,-0.019524,0.019524
up_proj,1712,50,3602,-0.019491,0.019491
up_proj,10297,1,10404,0.058779,0.058779
up_proj,10297,2,10274,0.058517,0.058517
up_proj,10297,3,23227,-0.055639,0.055639
up_proj,10297,4,15183,0.048447,0.048447
up_proj,10297,5,17253,0.044131,0.044131
up_proj,10297,6,22842,0.036967,0.036967
up_proj,10297,7,10141,0.035557,0.035557
up_proj,10297,8,3905,0.029779,0.029779
up_proj,10297,9,9700,-0.026311,0.026311
up_proj,10297,10,12194,-0.024076,0.024076
up_proj,10297,11,12358,0.023493,0.023493
up_proj,10297,12,20165,-0.023308,0.023308
up_proj,10297,13,19018,-0.023181,0.023181
up_proj,10297,14,14601,-0.020527,0.020527
up_proj,10297,15,12146,0.020244,0.020244
up_proj,10297,16,19956,-0.017992,0.017992
up_proj,10297,17,11787,0.017801,0.017801
up_proj,10297,18,21180,-0.017361,0.017361
up_proj,10297,19,20606,-0.016615,0.016615
up_proj,10297,20,906,-0.016479,0.016479
up_proj,10297,21,7744,0.016176,0.016176
up_proj,10297,22,5065,-0.016088,0.016088
up_proj,10297,23,7443,-0.015447,0.015447
up_proj,10297,24,12675,-0.014997,0.014997
up_proj,10297,25,17957,0.014632,0.014632
up_proj,10297,26,7773,-0.014483,0.014483
up_proj,10297,27,14350,-0.014232,0.014232
up_proj,10297,28,3194,-0.014123,0.014123
up_proj,10297,29,3487,0.013952,0.013952
up_proj,10297,30,3012,-0.013712,0.013712
up_proj,10297,31,5704,0.013698,0.013698
up_proj,10297,32,10133,-0.013630,0.013630
up_proj,10297,33,17524,-0.013388,0.013388
up_proj,10297,34,20515,-0.013267,0.013267
up_proj,10297,35,17660,-0.013177,0.013177
up_proj,10297,36,2810,-0.013097,0.013097
up_proj,10297,37,13617,-0.013004,0.013004
up_proj,10297,38,18308,-0.012929,0.012929
up_proj,10297,39,7997,-0.012608,0.012608
up_proj,10297,40,23500,-0.012551,0.012551
up_proj,10297,41,19640,-0.012320,0.012320
up_proj,10297,42,11031,-0.012135,0.012135
up_proj,10297,43,6275,-0.012075,0.012075
up_proj,10297,44,707,0.011962,0.011962
up_proj,10297,45,11093,0.011847,0.011847
up_proj,10297,46,536,-0.011812,0.011812
up_proj,10297,47,10014,-0.011806,0.011806
up_proj,10297,48,3128,-0.011791,0.011791
up_proj,10297,49,10825,-0.011596,0.011596
up_proj,10297,50,14462,-0.011499,0.011499
up_proj,8859,1,1246,-0.073192,0.073192
up_proj,8859,2,9700,0.064749,0.064749
up_proj,8859,3,6499,-0.062080,0.062080
up_proj,8859,4,10404,0.059093,0.059093
up_proj,8859,5,18232,-0.050802,0.050802
up_proj,8859,6,10014,0.048002,0.048002
up_proj,8859,7,5065,-0.041946,0.041946
up_proj,8859,8,14944,0.040792,0.040792
up_proj,8859,9,1012,0.038995,0.038995
up_proj,8859,10,19956,-0.036798,0.036798
up_proj,8859,11,6951,0.035446,0.035446
up_proj,8859,12,17524,0.033375,0.033375
up_proj,8859,13,14601,0.033367,0.033367
up_proj,8859,14,23227,-0.032892,0.032892
up_proj,8859,15,12358,0.032168,0.032168
up_proj,8859,16,15183,0.031724,0.031724
up_proj,8859,17,21158,-0.030536,0.030536
up_proj,8859,18,2505,-0.029953,0.029953
up_proj,8859,19,6573,-0.027071,0.027071
up_proj,8859,20,7773,0.026790,0.026790
up_proj,8859,21,14029,-0.026263,0.026263
up_proj,8859,22,23563,-0.025496,0.025496
up_proj,8859,23,12675,-0.025477,0.025477
up_proj,8859,24,595,-0.025421,0.025421
up_proj,8859,25,17807,-0.024449,0.024449
up_proj,8859,26,19640,0.024210,0.024210
up_proj,8859,27,5704,0.024197,0.024197
up_proj,8859,28,3905,0.023792,0.023792
up_proj,8859,29,11127,-0.023693,0.023693
up_proj,8859,30,10923,0.023368,0.023368
up_proj,8859,31,9203,0.023104,0.023104
up_proj,8859,32,8944,0.022877,0.022877
up_proj,8859,33,23548,-0.022202,0.022202
up_proj,8859,34,10274,-0.022073,0.022073
up_proj,8859,35,2810,0.021735,0.021735
up_proj,8859,36,17957,-0.021486,0.021486
up_proj,8859,37,14462,-0.021058,0.021058
up_proj,8859,38,19132,-0.019990,0.019990
up_proj,8859,39,2579,0.019288,0.019288
up_proj,8859,40,10149,-0.018881,0.018881
up_proj,8859,41,15685,-0.018435,0.018435
up_proj,8859,42,18304,0.018216,0.018216
up_proj,8859,43,17253,0.017839,0.017839
up_proj,8859,44,20645,-0.017811,0.017811
up_proj,8859,45,8297,-0.017739,0.017739
up_proj,8859,46,3990,-0.017642,0.017642
up_proj,8859,47,10854,0.016611,0.016611
up_proj,8859,48,12194,-0.016493,0.016493
up_proj,8859,49,18308,0.016053,0.016053
up_proj,8859,50,10220,-0.016008,0.016008
up_proj,8887,1,23227,-0.055165,0.055165
up_proj,8887,2,15183,0.052161,0.052161
up_proj,8887,3,10404,0.048276,0.048276
up_proj,8887,4,12194,-0.026249,0.026249
up_proj,8887,5,17253,0.026010,0.026010
up_proj,8887,6,12358,0.025760,0.025760
up_proj,8887,7,18613,-0.025093,0.025093
up_proj,8887,8,5065,-0.024668,0.024668
up_proj,8887,9,17256,0.023346,0.023346
up_proj,8887,10,3194,0.022412,0.022412
up_proj,8887,11,18232,-0.021764,0.021764
up_proj,8887,12,10825,0.021663,0.021663
up_proj,8887,13,1246,-0.021401,0.021401
up_proj,8887,14,17957,-0.020559,0.020559
up_proj,8887,15,10014,0.019742,0.019742
up_proj,8887,16,16068,-0.019521,0.019521
up_proj,8887,17,17524,0.018695,0.018695
up_proj,8887,18,6499,-0.017676,0.017676
up_proj,8887,19,18403,-0.017477,0.017477
up_proj,8887,20,5242,-0.017301,0.017301
up_proj,8887,21,20606,0.016565,0.016565
up_proj,8887,22,4068,-0.016376,0.016376
up_proj,8887,23,21693,-0.015873,0.015873
up_proj,8887,24,3743,-0.015858,0.015858
up_proj,8887,25,24316,0.015667,0.015667
up_proj,8887,26,10619,0.015539,0.015539
up_proj,8887,27,22273,-0.015478,0.015478
up_proj,8887,28,20017,0.015464,0.015464
up_proj,8887,29,13608,-0.015445,0.015445
up_proj,8887,30,11031,0.015427,0.015427
up_proj,8887,31,6777,0.015027,0.015027
up_proj,8887,32,19132,-0.014923,0.014923
up_proj,8887,33,17660,-0.013971,0.013971
up_proj,8887,34,10242,-0.013874,0.013874
up_proj,8887,35,10118,-0.013793,0.013793
up_proj,8887,36,18423,0.013616,0.013616
up_proj,8887,37,15480,0.013381,0.013381
up_proj,8887,38,7773,0.013327,0.013327
up_proj,8887,39,5237,-0.013081,0.013081
up_proj,8887,40,21316,0.012932,0.012932
up_proj,8887,41,11587,0.012726,0.012726
up_proj,8887,42,2209,-0.012546,0.012546
up_proj,8887,43,10220,-0.012514,0.012514
up_proj,8887,44,4315,0.012493,0.012493
up_proj,8887,45,3882,-0.012413,0.012413
up_proj,8887,46,20203,0.012266,0.012266
up_proj,8887,47,7142,-0.012190,0.012190
up_proj,8887,48,9864,-0.012095,0.012095
up_proj,8887,49,19199,-0.011931,0.011931
up_proj,8887,50,15584,0.011875,0.011875
up_proj,3896,1,13608,-0.040825,0.040825
up_proj,3896,2,10854,0.033797,0.033797
up_proj,3896,3,20017,0.030029,0.030029
up_proj,3896,4,5237,0.030001,0.030001
up_proj,3896,5,17660,-0.027904,0.027904
up_proj,3896,6,20165,-0.027441,0.027441
up_proj,3896,7,15183,-0.026872,0.026872
up_proj,3896,8,19956,-0.025060,0.025060
up_proj,3896,9,7510,-0.024641,0.024641
up_proj,3896,10,1246,-0.024063,0.024063
up_proj,3896,11,3194,-0.023750,0.023750
up_proj,3896,12,17253,0.022939,0.022939
up_proj,3896,13,10149,0.022539,0.022539
up_proj,3896,14,3081,0.022311,0.022311
up_proj,3896,15,1012,-0.021439,0.021439
up_proj,3896,16,21316,-0.020926,0.020926
up_proj,3896,17,12375,0.020337,0.020337
up_proj,3896,18,3905,-0.018415,0.018415
up_proj,3896,19,21693,0.018076,0.018076
up_proj,3896,20,11031,-0.017682,0.017682
up_proj,3896,21,15051,0.017214,0.017214
up_proj,3896,22,7142,0.016630,0.016630
up_proj,3896,23,19051,-0.015945,0.015945
up_proj,3896,24,18232,0.015376,0.015376
up_proj,3896,25,6499,-0.015339,0.015339
up_proj,3896,26,1025,0.015005,0.015005
up_proj,3896,27,5704,-0.014823,0.014823
up_proj,3896,28,9128,-0.014706,0.014706
up_proj,3896,29,1807,0.014268,0.014268
up_proj,3896,30,17809,0.014127,0.014127
up_proj,3896,31,7305,0.014092,0.014092
up_proj,3896,32,19089,-0.013930,0.013930
up_proj,3896,33,1027,0.013306,0.013306
up_proj,3896,34,8877,0.013257,0.013257
up_proj,3896,35,10394,0.013230,0.013230
up_proj,3896,36,7744,-0.012984,0.012984
up_proj,3896,37,13296,-0.012555,0.012555
up_proj,3896,38,9700,0.012541,0.012541
up_proj,3896,39,21097,-0.012231,0.012231
up_proj,3896,40,12294,0.012193,0.012193
up_proj,3896,41,16991,0.012109,0.012109
up_proj,3896,42,18734,-0.012096,0.012096
up_proj,3896,43,18423,0.012084,0.012084
up_proj,3896,44,3487,0.012083,0.012083
up_proj,3896,45,10220,0.012001,0.012001
up_proj,3896,46,7883,0.011654,0.011654
up_proj,3896,47,13617,-0.011635,0.011635
up_proj,3896,48,15214,0.011593,0.011593
up_proj,3896,49,2209,-0.011480,0.011480
up_proj,3896,50,7604,-0.011401,0.011401
up_proj,12728,1,15183,0.124135,0.124135
up_proj,12728,2,18232,-0.104110,0.104110
up_proj,12728,3,10404,0.103660,0.103660
up_proj,12728,4,6499,-0.073689,0.073689
up_proj,12728,5,23227,-0.071453,0.071453
up_proj,12728,6,1012,0.069982,0.069982
up_proj,12728,7,5065,-0.069386,0.069386
up_proj,12728,8,10014,0.063129,0.063129
up_proj,12728,9,1246,-0.063022,0.063022
up_proj,12728,10,17524,0.062183,0.062183
up_proj,12728,11,10825,0.058770,0.058770
up_proj,12728,12,12358,0.055581,0.055581
up_proj,12728,13,7773,0.054811,0.054811
up_proj,12728,14,12194,-0.053805,0.053805
up_proj,12728,15,10220,-0.049881,0.049881
up_proj,12728,16,6951,0.046353,0.046353
up_proj,12728,17,14601,0.043781,0.043781
up_proj,12728,18,5704,0.042972,0.042972
up_proj,12728,19,2810,0.040691,0.040691
up_proj,12728,20,14944,0.039882,0.039882
up_proj,12728,21,2505,-0.038618,0.038618
up_proj,12728,22,9700,0.038027,0.038027
up_proj,12728,23,16068,-0.037552,0.037552
up_proj,12728,24,19640,0.033125,0.033125
up_proj,12728,25,17957,-0.031142,0.031142
up_proj,12728,26,7142,-0.029589,0.029589
up_proj,12728,27,9203,0.028087,0.028087
up_proj,12728,28,16499,0.027166,0.027166
up_proj,12728,29,19132,-0.027086,0.027086
up_proj,12728,30,10619,0.024245,0.024245
up_proj,12728,31,13494,0.023615,0.023615
up_proj,12728,32,21158,-0.023397,0.023397
up_proj,12728,33,10141,0.023102,0.023102
up_proj,12728,34,18613,-0.022949,0.022949
up_proj,12728,35,10854,-0.022430,0.022430
up_proj,12728,36,10242,-0.021981,0.021981
up_proj,12728,37,17256,0.021299,0.021299
up_proj,12728,38,17253,0.019394,0.019394
up_proj,12728,39,21892,0.019206,0.019206
up_proj,12728,40,1025,-0.018918,0.018918
up_proj,12728,41,19199,-0.017856,0.017856
up_proj,12728,42,24399,0.017801,0.017801
up_proj,12728,43,15480,0.017547,0.017547
up_proj,12728,44,14292,-0.017394,0.017394
up_proj,12728,45,14462,-0.017025,0.017025
up_proj,12728,46,3882,-0.016661,0.016661
up_proj,12728,47,8726,-0.016367,0.016367
up_proj,12728,48,6777,0.016059,0.016059
up_proj,12728,49,20165,0.016027,0.016027
up_proj,12728,50,18279,0.015737,0.015737
up_proj,2404,1,1246,0.114068,0.114068
up_proj,2404,2,6499,0.099544,0.099544
up_proj,2404,3,17660,0.086418,0.086418
up_proj,2404,4,12358,-0.080445,0.080445
up_proj,2404,5,21158,0.065947,0.065947
up_proj,2404,6,17253,-0.065466,0.065466
up_proj,2404,7,10854,-0.062969,0.062969
up_proj,2404,8,19199,-0.059691,0.059691
up_proj,2404,9,19956,0.055749,0.055749
up_proj,2404,10,7142,-0.049846,0.049846
up_proj,2404,11,1025,-0.049552,0.049552
up_proj,2404,12,10014,-0.047903,0.047903
up_proj,2404,13,10825,0.045556,0.045556
up_proj,2404,14,17256,-0.042989,0.042989
up_proj,2404,15,7744,0.041582,0.041582
up_proj,2404,16,23227,-0.041267,0.041267
up_proj,2404,17,6951,0.041190,0.041190
up_proj,2404,18,10141,0.038334,0.038334
up_proj,2404,19,3487,-0.033021,0.033021
up_proj,2404,20,3128,0.032605,0.032605
up_proj,2404,21,8944,0.029235,0.029235
up_proj,2404,22,13494,0.028234,0.028234
up_proj,2404,23,10220,-0.028195,0.028195
up_proj,2404,24,15183,0.028113,0.028113
up_proj,2404,25,18613,0.027982,0.027982
up_proj,2404,26,12194,-0.027635,0.027635
up_proj,2404,27,5065,0.026353,0.026353
up_proj,2404,28,14462,-0.026201,0.026201
up_proj,2404,29,17524,-0.024746,0.024746
up_proj,2404,30,2810,0.024323,0.024323
up_proj,2404,31,8533,0.023768,0.023768
up_proj,2404,32,20165,0.023540,0.023540
up_proj,2404,33,18279,0.022822,0.022822
up_proj,2404,34,16761,-0.022487,0.022487
up_proj,2404,35,6298,-0.022383,0.022383
up_proj,2404,36,19051,0.021327,0.021327
up_proj,2404,37,14292,-0.021045,0.021045
up_proj,2404,38,3905,0.020026,0.020026
up_proj,2404,39,10274,-0.019674,0.019674
up_proj,2404,40,15077,-0.019147,0.019147
up_proj,2404,41,422,0.019147,0.019147
up_proj,2404,42,21031,0.019118,0.019118
up_proj,2404,43,8297,0.018970,0.018970
up_proj,2404,44,707,0.018469,0.018469
up_proj,2404,45,17807,-0.018257,0.018257
up_proj,2404,46,14944,0.017951,0.017951
up_proj,2404,47,7689,0.017507,0.017507
up_proj,2404,48,16764,-0.017475,0.017475
up_proj,2404,49,7148,-0.017387,0.017387
up_proj,2404,50,7510,0.017322,0.017322
up_proj,13492,1,15183,0.127999,0.127999
up_proj,13492,2,19956,0.114341,0.114341
up_proj,13492,3,10825,0.102631,0.102631
up_proj,13492,4,10854,-0.091654,0.091654
up_proj,13492,5,17660,0.091258,0.091258
up_proj,13492,6,1246,0.082868,0.082868
up_proj,13492,7,19199,-0.082689,0.082689
up_proj,13492,8,7142,-0.072448,0.072448
up_proj,13492,9,23227,-0.069268,0.069268
up_proj,13492,10,20165,0.068563,0.068563
up_proj,13492,11,18232,-0.066818,0.066818
up_proj,13492,12,17253,-0.066203,0.066203
up_proj,13492,13,1012,0.064021,0.064021
up_proj,13492,14,10619,0.060368,0.060368
up_proj,13492,15,2810,0.059754,0.059754
up_proj,13492,16,10220,-0.054701,0.054701
up_proj,13492,17,10141,0.054248,0.054248
up_proj,13492,18,9700,-0.051096,0.051096
up_proj,13492,19,7744,0.048488,0.048488
up_proj,13492,20,10404,0.047619,0.047619
up_proj,13492,21,7061,0.046660,0.046660
up_proj,13492,22,1025,-0.044972,0.044972
up_proj,13492,23,12194,-0.041184,0.041184
up_proj,13492,24,14462,-0.040059,0.040059
up_proj,13492,25,13494,0.039672,0.039672
up_proj,13492,26,5704,0.038698,0.038698
up_proj,13492,27,7773,0.037483,0.037483
up_proj,13492,28,7604,0.037177,0.037177
up_proj,13492,29,3487,-0.036553,0.036553
up_proj,13492,30,6499,0.033606,0.033606
up_proj,13492,31,21892,0.033097,0.033097
up_proj,13492,32,21158,0.032177,0.032177
up_proj,13492,33,10242,-0.030867,0.030867
up_proj,13492,34,3905,0.030393,0.030393
up_proj,13492,35,16761,-0.030056,0.030056
up_proj,13492,36,7997,0.029442,0.029442
up_proj,13492,37,422,0.028976,0.028976
up_proj,13492,38,23712,-0.028561,0.028561
up_proj,13492,39,2579,-0.028049,0.028049
up_proj,13492,40,8297,0.026072,0.026072
up_proj,13492,41,3882,-0.026056,0.026056
up_proj,13492,42,9128,0.024413,0.024413
up_proj,13492,43,12358,-0.024410,0.024410
up_proj,13492,44,17957,-0.024341,0.024341
up_proj,13492,45,7241,-0.023895,0.023895
up_proj,13492,46,21031,0.023723,0.023723
up_proj,13492,47,8003,-0.022721,0.022721
up_proj,13492,48,7510,-0.022061,0.022061
up_proj,13492,49,2209,0.021825,0.021825
up_proj,13492,50,4821,0.021566,0.021566
down_proj,1712,1,9722,0.156168,0.156168
down_proj,1712,2,15741,0.138191,0.138191
down_proj,1712,3,402,-0.136538,0.136538
down_proj,1712,4,24322,0.134268,0.134268
down_proj,1712,5,11143,0.107093,0.107093
down_proj,1712,6,19966,0.100884,0.100884
down_proj,1712,7,5012,0.080693,0.080693
down_proj,1712,8,20791,-0.078063,0.078063
down_proj,1712,9,4850,0.072239,0.072239
down_proj,1712,10,5477,-0.067353,0.067353
down_proj,1712,11,6252,-0.061769,0.061769
down_proj,1712,12,11663,-0.059912,0.059912
down_proj,1712,13,10441,0.059681,0.059681
down_proj,1712,14,1090,0.055345,0.055345
down_proj,1712,15,5833,0.054997,0.054997
down_proj,1712,16,338,0.054670,0.054670
down_proj,1712,17,14060,0.054595,0.054595
down_proj,1712,18,5777,0.053782,0.053782
down_proj,1712,19,8194,0.053723,0.053723
down_proj,1712,20,9543,0.051738,0.051738
down_proj,1712,21,19265,-0.051582,0.051582
down_proj,1712,22,4154,-0.043368,0.043368
down_proj,1712,23,11775,0.042377,0.042377
down_proj,1712,24,4796,-0.039458,0.039458
down_proj,1712,25,9338,-0.036331,0.036331
down_proj,1712,26,23484,-0.034568,0.034568
down_proj,1712,27,19972,-0.033208,0.033208
down_proj,1712,28,2488,-0.032754,0.032754
down_proj,1712,29,14708,0.031486,0.031486
down_proj,1712,30,22132,-0.031175,0.031175
down_proj,1712,31,173,-0.030604,0.030604
down_proj,1712,32,3368,-0.028117,0.028117
down_proj,1712,33,4851,0.027762,0.027762
down_proj,1712,34,20366,0.027320,0.027320
down_proj,1712,35,22353,0.027116,0.027116
down_proj,1712,36,18693,0.026988,0.026988
down_proj,1712,37,10404,-0.026522,0.026522
down_proj,1712,38,10367,0.025686,0.025686
down_proj,1712,39,20526,-0.025395,0.025395
down_proj,1712,40,3225,0.025350,0.025350
down_proj,1712,41,16212,-0.024656,0.024656
down_proj,1712,42,6988,-0.023340,0.023340
down_proj,1712,43,15312,0.023196,0.023196
down_proj,1712,44,14443,0.022870,0.022870
down_proj,1712,45,9515,0.022268,0.022268
down_proj,1712,46,13208,-0.021653,0.021653
down_proj,1712,47,15795,-0.021623,0.021623
down_proj,1712,48,2355,-0.021615,0.021615
down_proj,1712,49,16939,-0.021541,0.021541
down_proj,1712,50,4432,0.021110,0.021110
down_proj,10297,1,22783,0.107626,0.107626
down_proj,10297,2,11663,-0.071591,0.071591
down_proj,10297,3,24322,0.056942,0.056942
down_proj,10297,4,10404,-0.055760,0.055760
down_proj,10297,5,9722,0.048905,0.048905
down_proj,10297,6,402,-0.047283,0.047283
down_proj,10297,7,19966,0.046844,0.046844
down_proj,10297,8,5012,0.046781,0.046781
down_proj,10297,9,15741,0.045245,0.045245
down_proj,10297,10,10441,0.038484,0.038484
down_proj,10297,11,4850,0.037093,0.037093
down_proj,10297,12,5477,-0.036876,0.036876
down_proj,10297,13,9654,0.035889,0.035889
down_proj,10297,14,338,0.035099,0.035099
down_proj,10297,15,24325,0.033920,0.033920
down_proj,10297,16,9100,0.032613,0.032613
down_proj,10297,17,9523,0.031984,0.031984
down_proj,10297,18,5777,0.030926,0.030926
down_proj,10297,19,15795,-0.029659,0.029659
down_proj,10297,20,21133,0.029437,0.029437
down_proj,10297,21,8194,0.029179,0.029179
down_proj,10297,22,6252,-0.024782,0.024782
down_proj,10297,23,3420,0.024196,0.024196
down_proj,10297,24,18206,-0.023799,0.023799
down_proj,10297,25,10575,0.023586,0.023586
down_proj,10297,26,16512,-0.023366,0.023366
down_proj,10297,27,11775,0.023073,0.023073
down_proj,10297,28,22053,0.022938,0.022938
down_proj,10297,29,3368,-0.022905,0.022905
down_proj,10297,30,10008,0.022556,0.022556
down_proj,10297,31,17829,-0.022388,0.022388
down_proj,10297,32,17307,-0.022322,0.022322
down_proj,10297,33,23899,0.022205,0.022205
down_proj,10297,34,18693,0.021792,0.021792
down_proj,10297,35,5392,-0.021625,0.021625
down_proj,10297,36,4673,-0.020777,0.020777
down_proj,10297,37,173,-0.020560,0.020560
down_proj,10297,38,21052,0.020167,0.020167
down_proj,10297,39,14490,0.019745,0.019745
down_proj,10297,40,24411,0.018988,0.018988
down_proj,10297,41,16212,-0.018778,0.018778
down_proj,10297,42,19534,-0.018666,0.018666
down_proj,10297,43,19972,-0.018550,0.018550
down_proj,10297,44,2427,-0.018177,0.018177
down_proj,10297,45,19265,-0.018163,0.018163
down_proj,10297,46,1993,-0.018100,0.018100
down_proj,10297,47,8562,-0.018083,0.018083
down_proj,10297,48,9338,-0.018012,0.018012
down_proj,10297,49,11132,0.017607,0.017607
down_proj,10297,50,14390,-0.017442,0.017442
down_proj,8859,1,21132,0.068812,0.068812
down_proj,8859,2,22783,0.059225,0.059225
down_proj,8859,3,22053,0.050595,0.050595
down_proj,8859,4,11143,-0.048538,0.048538
down_proj,8859,5,18206,-0.045830,0.045830
down_proj,8859,6,6988,-0.045580,0.045580
down_proj,8859,7,18917,0.041186,0.041186
down_proj,8859,8,1178,-0.039118,0.039118
down_proj,8859,9,8210,-0.038667,0.038667
down_proj,8859,10,6510,-0.037005,0.037005
down_proj,8859,11,17307,-0.036109,0.036109
down_proj,8859,12,9654,-0.034762,0.034762
down_proj,8859,13,9515,-0.034079,0.034079
down_proj,8859,14,5392,0.033691,0.033691
down_proj,8859,15,2427,0.033483,0.033483
down_proj,8859,16,15795,-0.032612,0.032612
down_proj,8859,17,10194,-0.031645,0.031645
down_proj,8859,18,21052,0.031535,0.031535
down_proj,8859,19,13335,0.031309,0.031309
down_proj,8859,20,17829,-0.031098,0.031098
down_proj,8859,21,11663,-0.030293,0.030293
down_proj,8859,22,8939,-0.029165,0.029165
down_proj,8859,23,16933,-0.028579,0.028579
down_proj,8859,24,23335,-0.026730,0.026730
down_proj,8859,25,10575,-0.026606,0.026606
down_proj,8859,26,3420,0.026057,0.026057
down_proj,8859,27,3368,0.025273,0.025273
down_proj,8859,28,14201,-0.024806,0.024806
down_proj,8859,29,12953,-0.023841,0.023841
down_proj,8859,30,10404,0.023820,0.023820
down_proj,8859,31,9361,-0.023575,0.023575
down_proj,8859,32,1090,-0.022919,0.022919
down_proj,8859,33,4851,-0.022885,0.022885
down_proj,8859,34,14096,0.022437,0.022437
down_proj,8859,35,12581,-0.021671,0.021671
down_proj,8859,36,3280,-0.021665,0.021665
down_proj,8859,37,19265,0.021629,0.021629
down_proj,8859,38,2718,0.021458,0.021458
down_proj,8859,39,6797,0.021386,0.021386
down_proj,8859,40,10492,-0.021368,0.021368
down_proj,8859,41,14550,0.021326,0.021326
down_proj,8859,42,24127,-0.021137,0.021137
down_proj,8859,43,8562,-0.021039,0.021039
down_proj,8859,44,4673,-0.020718,0.020718
down_proj,8859,45,8451,-0.020263,0.020263
down_proj,8859,46,17685,-0.019462,0.019462
down_proj,8859,47,14198,-0.019060,0.019060
down_proj,8859,48,15741,-0.019027,0.019027
down_proj,8859,49,4796,0.018934,0.018934
down_proj,8859,50,13132,0.018726,0.018726
down_proj,8887,1,9654,0.046446,0.046446
down_proj,8887,2,22783,0.037313,0.037313
down_proj,8887,3,20526,-0.032353,0.032353
down_proj,8887,4,5921,0.030945,0.030945
down_proj,8887,5,8939,0.030065,0.030065
down_proj,8887,6,11663,0.029767,0.029767
down_proj,8887,7,17829,0.028610,0.028610
down_proj,8887,8,9100,0.027849,0.027849
down_proj,8887,9,3225,0.027780,0.027780
down_proj,8887,10,20971,0.025369,0.025369
down_proj,8887,11,19416,0.023207,0.023207
down_proj,8887,12,13417,-0.023004,0.023004
down_proj,8887,13,3703,-0.022896,0.022896
down_proj,8887,14,15741,-0.022557,0.022557
down_proj,8887,15,3382,0.021807,0.021807
down_proj,8887,16,15225,-0.020865,0.020865
down_proj,8887,17,3420,0.020839,0.020839
down_proj,8887,18,21132,-0.020705,0.020705
down_proj,8887,19,21052,-0.020537,0.020537
down_proj,8887,20,5392,0.020422,0.020422
down_proj,8887,21,2488,-0.020162,0.020162
down_proj,8887,22,4017,-0.020100,0.020100
down_proj,8887,23,9984,-0.018308,0.018308
down_proj,8887,24,16933,0.017967,0.017967
down_proj,8887,25,12493,0.017761,0.017761
down_proj,8887,26,1090,0.017101,0.017101
down_proj,8887,27,17753,0.017057,0.017057
down_proj,8887,28,21744,-0.017006,0.017006
down_proj,8887,29,24127,0.016629,0.016629
down_proj,8887,30,21895,-0.016560,0.016560
down_proj,8887,31,21045,-0.016132,0.016132
down_proj,8887,32,24325,-0.016058,0.016058
down_proj,8887,33,18447,-0.016015,0.016015
down_proj,8887,34,16939,-0.015067,0.015067
down_proj,8887,35,20972,0.014776,0.014776
down_proj,8887,36,17307,-0.014394,0.014394
down_proj,8887,37,13659,-0.014333,0.014333
down_proj,8887,38,8535,-0.014089,0.014089
down_proj,8887,39,6502,0.013524,0.013524
down_proj,8887,40,5300,-0.013252,0.013252
down_proj,8887,41,4792,-0.013122,0.013122
down_proj,8887,42,9770,0.013101,0.013101
down_proj,8887,43,486,-0.013053,0.013053
down_proj,8887,44,14390,0.012984,0.012984
down_proj,8887,45,5946,0.012640,0.012640
down_proj,8887,46,24154,0.012625,0.012625
down_proj,8887,47,19789,0.012620,0.012620
down_proj,8887,48,10404,-0.012546,0.012546
down_proj,8887,49,10492,0.012412,0.012412
down_proj,8887,50,10635,0.012283,0.012283
down_proj,3896,1,9654,-0.045437,0.045437
down_proj,3896,2,20526,0.036413,0.036413
down_proj,3896,3,13417,0.036104,0.036104
down_proj,3896,4,22783,-0.034400,0.034400
down_proj,3896,5,17829,-0.033969,0.033969
down_proj,3896,6,5921,-0.033230,0.033230
down_proj,3896,7,21132,0.032433,0.032433
down_proj,3896,8,3420,-0.032031,0.032031
down_proj,3896,9,10194,0.031541,0.031541
down_proj,3896,10,19416,-0.030634,0.030634
down_proj,3896,11,3382,-0.029080,0.029080
down_proj,3896,12,2488,0.028578,0.028578
down_proj,3896,13,4017,0.028465,0.028465
down_proj,3896,14,3280,-0.026593,0.026593
down_proj,3896,15,2112,0.025241,0.025241
down_proj,3896,16,24127,-0.023915,0.023915
down_proj,3896,17,15225,0.023776,0.023776
down_proj,3896,18,20971,-0.022872,0.022872
down_proj,3896,19,3225,-0.021923,0.021923
down_proj,3896,20,9100,-0.021475,0.021475
down_proj,3896,21,16939,0.020491,0.020491
down_proj,3896,22,23985,-0.020235,0.020235
down_proj,3896,23,10492,-0.020121,0.020121
down_proj,3896,24,1090,-0.020115,0.020115
down_proj,3896,25,8850,-0.019215,0.019215
down_proj,3896,26,3703,0.019127,0.019127
down_proj,3896,27,17307,0.019080,0.019080
down_proj,3896,28,19347,-0.019065,0.019065
down_proj,3896,29,15741,0.018898,0.018898
down_proj,3896,30,18917,-0.018436,0.018436
down_proj,3896,31,4851,0.018168,0.018168
down_proj,3896,32,4276,-0.017035,0.017035
down_proj,3896,33,14198,-0.016942,0.016942
down_proj,3896,34,12729,0.016594,0.016594
down_proj,3896,35,2575,-0.016509,0.016509
down_proj,3896,36,6252,0.016351,0.016351
down_proj,3896,37,23335,-0.016095,0.016095
down_proj,3896,38,24154,-0.016011,0.016011
down_proj,3896,39,1171,-0.015887,0.015887
down_proj,3896,40,18206,0.015863,0.015863
down_proj,3896,41,12679,-0.015841,0.015841
down_proj,3896,42,11663,-0.015730,0.015730
down_proj,3896,43,2766,0.015482,0.015482
down_proj,3896,44,2328,0.015387,0.015387
down_proj,3896,45,12079,-0.015075,0.015075
down_proj,3896,46,19788,-0.014989,0.014989
down_proj,3896,47,21744,0.014855,0.014855
down_proj,3896,48,7780,-0.014614,0.014614
down_proj,3896,49,17235,-0.014556,0.014556
down_proj,3896,50,18329,0.014510,0.014510
down_proj,12728,1,22783,0.115434,0.115434
down_proj,12728,2,21132,0.083866,0.083866
down_proj,12728,3,6988,-0.077007,0.077007
down_proj,12728,4,5392,0.070648,0.070648
down_proj,12728,5,18206,-0.069708,0.069708
down_proj,12728,6,2427,0.065514,0.065514
down_proj,12728,7,10575,-0.062140,0.062140
down_proj,12728,8,8210,-0.061270,0.061270
down_proj,12728,9,21052,-0.055264,0.055264
down_proj,12728,10,9770,0.053669,0.053669
down_proj,12728,11,20526,-0.053054,0.053054
down_proj,12728,12,3420,0.052745,0.052745
down_proj,12728,13,9984,-0.052035,0.052035
down_proj,12728,14,17307,-0.048886,0.048886
down_proj,12728,15,22053,0.047705,0.047705
down_proj,12728,16,18917,0.046157,0.046157
down_proj,12728,17,21045,-0.044980,0.044980
down_proj,12728,18,10194,-0.044702,0.044702
down_proj,12728,19,6510,-0.044476,0.044476
down_proj,12728,20,5921,0.044424,0.044424
down_proj,12728,21,1178,-0.044043,0.044043
down_proj,12728,22,2718,0.041551,0.041551
down_proj,12728,23,15795,-0.040396,0.040396
down_proj,12728,24,17546,0.039617,0.039617
down_proj,12728,25,20971,0.038718,0.038718
down_proj,12728,26,3703,-0.037429,0.037429
down_proj,12728,27,17753,0.036786,0.036786
down_proj,12728,28,13335,0.036780,0.036780
down_proj,12728,29,6252,-0.036692,0.036692
down_proj,12728,30,3368,0.035071,0.035071
down_proj,12728,31,3362,-0.034520,0.034520
down_proj,12728,32,9361,-0.034231,0.034231
down_proj,12728,33,20972,0.033914,0.033914
down_proj,12728,34,17875,-0.033863,0.033863
down_proj,12728,35,410,-0.033803,0.033803
down_proj,12728,36,24325,-0.032488,0.032488
down_proj,12728,37,12953,-0.032449,0.032449
down_proj,12728,38,3225,0.031360,0.031360
down_proj,12728,39,5946,0.030974,0.030974
down_proj,12728,40,8451,-0.030763,0.030763
down_proj,12728,41,11663,0.028572,0.028572
down_proj,12728,42,13659,-0.028515,0.028515
down_proj,12728,43,18447,-0.028302,0.028302
down_proj,12728,44,22775,-0.027505,0.027505
down_proj,12728,45,18329,-0.027418,0.027418
down_proj,12728,46,4851,-0.027240,0.027240
down_proj,12728,47,8562,-0.027022,0.027022
down_proj,12728,48,9896,0.026757,0.026757
down_proj,12728,49,11354,0.025892,0.025892
down_proj,12728,50,1887,-0.025253,0.025253
down_proj,2404,1,21132,-0.114358,0.114358
down_proj,2404,2,9654,0.105665,0.105665
down_proj,2404,3,6988,0.074091,0.074091
down_proj,2404,4,2427,-0.065398,0.065398
down_proj,2404,5,6510,0.062267,0.062267
down_proj,2404,6,22053,-0.056664,0.056664
down_proj,2404,7,9100,0.054104,0.054104
down_proj,2404,8,5392,-0.050822,0.050822
down_proj,2404,9,10575,0.046562,0.046562
down_proj,2404,10,10404,-0.045818,0.045818
down_proj,2404,11,8939,0.045571,0.045571
down_proj,2404,12,15225,-0.045274,0.045274
down_proj,2404,13,17829,0.044871,0.044871
down_proj,2404,14,3280,0.042849,0.042849
down_proj,2404,15,23335,0.042028,0.042028
down_proj,2404,16,5777,-0.040648,0.040648
down_proj,2404,17,2718,-0.039526,0.039526
down_proj,2404,18,14201,0.038318,0.038318
down_proj,2404,19,22775,0.038124,0.038124
down_proj,2404,20,11663,0.037869,0.037869
down_proj,2404,21,9361,0.037325,0.037325
down_proj,2404,22,19416,0.036694,0.036694
down_proj,2404,23,15379,0.035511,0.035511
down_proj,2404,24,2488,-0.034269,0.034269
down_proj,2404,25,9515,0.032243,0.032243
down_proj,2404,26,10492,0.031848,0.031848
down_proj,2404,27,19265,-0.031845,0.031845
down_proj,2404,28,12953,0.031778,0.031778
down_proj,2404,29,14198,0.031712,0.031712
down_proj,2404,30,14550,-0.030754,0.030754
down_proj,2404,31,9770,-0.030092,0.030092
down_proj,2404,32,18206,0.029880,0.029880
down_proj,2404,33,13417,-0.029559,0.029559
down_proj,2404,34,8451,0.029515,0.029515
down_proj,2404,35,15795,0.027372,0.027372
down_proj,2404,36,12581,0.027290,0.027290
down_proj,2404,37,4796,0.027227,0.027227
down_proj,2404,38,3658,-0.027093,0.027093
down_proj,2404,39,3382,0.027012,0.027012
down_proj,2404,40,8850,0.026820,0.026820
down_proj,2404,41,8608,-0.026668,0.026668
down_proj,2404,42,18429,0.026511,0.026511
down_proj,2404,43,14060,-0.026290,0.026290
down_proj,2404,44,16933,0.026180,0.026180
down_proj,2404,45,5921,0.026136,0.026136
down_proj,2404,46,21045,0.025991,0.025991
down_proj,2404,47,12312,-0.025724,0.025724
down_proj,2404,48,17546,-0.025555,0.025555
down_proj,2404,49,18917,-0.024020,0.024020
down_proj,2404,50,24127,0.023821,0.023821
down_proj,13492,1,22783,0.107194,0.107194
down_proj,13492,2,9654,0.091271,0.091271
down_proj,13492,3,3420,0.080193,0.080193
down_proj,13492,4,21132,-0.075781,0.075781
down_proj,13492,5,13417,-0.067384,0.067384
down_proj,13492,6,20526,-0.064505,0.064505
down_proj,13492,7,4017,-0.064104,0.064104
down_proj,13492,8,17829,0.062908,0.062908
down_proj,13492,9,9100,0.059341,0.059341
down_proj,13492,10,2488,-0.058518,0.058518
down_proj,13492,11,19416,0.058507,0.058507
down_proj,13492,12,10194,-0.058334,0.058334
down_proj,13492,13,5921,0.058207,0.058207
down_proj,13492,14,8210,-0.056258,0.056258
down_proj,13492,15,15225,-0.052811,0.052811
down_proj,13492,16,20971,0.051083,0.051083
down_proj,13492,17,10492,0.047636,0.047636
down_proj,13492,18,8939,0.046385,0.046385
down_proj,13492,19,23985,0.045568,0.045568
down_proj,13492,20,15741,-0.044783,0.044783
down_proj,13492,21,11663,0.043737,0.043737
down_proj,13492,22,18917,0.043453,0.043453
down_proj,13492,23,3382,0.042905,0.042905
down_proj,13492,24,13335,0.041490,0.041490
down_proj,13492,25,3280,0.041263,0.041263
down_proj,13492,26,4796,0.041253,0.041253
down_proj,13492,27,1178,-0.040965,0.040965
down_proj,13492,28,3225,0.040810,0.040810
down_proj,13492,29,18206,-0.040207,0.040207
down_proj,13492,30,23335,0.038810,0.038810
down_proj,13492,31,11143,-0.037471,0.037471
down_proj,13492,32,8562,-0.036685,0.036685
down_proj,13492,33,24127,0.036405,0.036405
down_proj,13492,34,18329,-0.036316,0.036316
down_proj,13492,35,17307,-0.035079,0.035079
down_proj,13492,36,4673,-0.034346,0.034346
down_proj,13492,37,8850,0.034191,0.034191
down_proj,13492,38,3703,-0.034131,0.034131
down_proj,13492,39,3368,0.031794,0.031794
down_proj,13492,40,19347,0.030897,0.030897
down_proj,13492,41,24154,0.030494,0.030494
down_proj,13492,42,4851,-0.030296,0.030296
down_proj,13492,43,21744,-0.029778,0.029778
down_proj,13492,44,2766,-0.028675,0.028675
down_proj,13492,45,14198,0.028451,0.028451
down_proj,13492,46,16939,-0.027646,0.027646
down_proj,13492,47,21413,0.027142,0.027142
down_proj,13492,48,17235,0.026752,0.026752
down_proj,13492,49,10404,-0.026697,0.026697
down_proj,13492,50,24325,-0.025566,0.025566
