proj,neuron,rank,subcomponent,weight,abs_weight
gate_proj,8791,1,11229,-0.0855,0.0855
gate_proj,8791,2,7478,-0.06166,0.06166
gate_proj,8791,3,19599,-0.05672,0.05672
gate_proj,8791,4,11786,-0.05309,0.05309
gate_proj,8791,5,4032,0.05262,0.05262
gate_proj,8791,6,20716,0.05041,0.05041
gate_proj,8791,7,17747,-0.04842,0.04842
gate_proj,8791,8,23161,0.04791,0.04791
gate_proj,8791,9,11141,0.04596,0.04596
gate_proj,8791,10,5147,-0.0453,0.0453
gate_proj,8791,11,11378,-0.04529,0.04529
gate_proj,8791,12,23529,0.04382,0.04382
gate_proj,8791,13,23606,-0.0393,0.0393
gate_proj,8791,14,24467,-0.03744,0.03744
gate_proj,8791,15,5179,-0.03695,0.03695
gate_proj,8791,16,20655,0.03493,0.03493
gate_proj,8791,17,5437,-0.03466,0.03466
gate_proj,8791,18,6998,-0.03355,0.03355
gate_proj,8791,19,17184,-0.03222,0.03222
gate_proj,8791,20,18204,0.03166,0.03166
gate_proj,8791,21,11563,0.03121,0.03121
gate_proj,8791,22,1304,0.03119,0.03119
gate_proj,8791,23,779,0.03058,0.03058
gate_proj,8791,24,5101,0.03057,0.03057
gate_proj,8791,25,13603,-0.03044,0.03044
gate_proj,8791,26,6058,-0.03017,0.03017
gate_proj,8791,27,1823,-0.02945,0.02945
gate_proj,8791,28,1171,-0.02924,0.02924
gate_proj,8791,29,16085,-0.02885,0.02885
gate_proj,8791,30,1034,-0.02881,0.02881
gate_proj,8791,31,17005,0.0275,0.0275
gate_proj,8791,32,12162,-0.02703,0.02703
gate_proj,8791,33,12008,0.02635,0.02635
gate_proj,8791,34,1196,0.02621,0.02621
gate_proj,8791,35,4112,0.02606,0.02606
gate_proj,8791,36,20915,0.02584,0.02584
gate_proj,8791,37,16357,0.02542,0.02542
gate_proj,8791,38,11224,0.025,0.025
gate_proj,8791,39,7737,0.02491,0.02491
gate_proj,8791,40,7629,0.0247,0.0247
gate_proj,8791,41,17298,0.02469,0.02469
gate_proj,8791,42,10720,-0.02432,0.02432
gate_proj,8791,43,6196,-0.02407,0.02407
gate_proj,8791,44,19214,-0.024,0.024
gate_proj,8791,45,23693,0.02284,0.02284
gate_proj,8791,46,12977,-0.02279,0.02279
gate_proj,8791,47,21330,-0.02229,0.02229
gate_proj,8791,48,8440,-0.02223,0.02223
gate_proj,8791,49,16730,-0.02215,0.02215
gate_proj,8791,50,10567,0.02207,0.02207
gate_proj,11651,1,14179,0.0509,0.0509
gate_proj,11651,2,8152,0.05073,0.05073
gate_proj,11651,3,11229,-0.04876,0.04876
gate_proj,11651,4,15120,0.04712,0.04712
gate_proj,11651,5,7478,-0.04128,0.04128
gate_proj,11651,6,4112,0.03883,0.03883
gate_proj,11651,7,5645,0.03857,0.03857
gate_proj,11651,8,11787,0.03845,0.03845
gate_proj,11651,9,21330,-0.0353,0.0353
gate_proj,11651,10,1328,0.03523,0.03523
gate_proj,11651,11,10567,0.03505,0.03505
gate_proj,11651,12,3939,-0.03351,0.03351
gate_proj,11651,13,23771,0.03301,0.03301
gate_proj,11651,14,17512,-0.03257,0.03257
gate_proj,11651,15,12343,0.03176,0.03176
gate_proj,11651,16,6058,0.03109,0.03109
gate_proj,11651,17,1304,0.03092,0.03092
gate_proj,11651,18,20804,-0.03023,0.03023
gate_proj,11651,19,17747,-0.03012,0.03012
gate_proj,11651,20,11124,-0.03006,0.03006
gate_proj,11651,21,8623,0.02964,0.02964
gate_proj,11651,22,23161,0.0296,0.0296
gate_proj,11651,23,12614,-0.0291,0.0291
gate_proj,11651,24,12008,0.02908,0.02908
gate_proj,11651,25,11356,-0.02894,0.02894
gate_proj,11651,26,12665,-0.02812,0.02812
gate_proj,11651,27,15182,-0.02785,0.02785
gate_proj,11651,28,24467,0.0278,0.0278
gate_proj,11651,29,23035,0.02756,0.02756
gate_proj,11651,30,23529,0.02743,0.02743
gate_proj,11651,31,1196,-0.02729,0.02729
gate_proj,11651,32,6731,0.02667,0.02667
gate_proj,11651,33,9854,-0.02664,0.02664
gate_proj,11651,34,10720,-0.02601,0.02601
gate_proj,11651,35,12162,-0.02595,0.02595
gate_proj,11651,36,16085,-0.02576,0.02576
gate_proj,11651,37,7737,0.02541,0.02541
gate_proj,11651,38,18309,-0.02505,0.02505
gate_proj,11651,39,15138,0.02433,0.02433
gate_proj,11651,40,10094,-0.02423,0.02423
gate_proj,11651,41,1210,0.02415,0.02415
gate_proj,11651,42,14587,0.02402,0.02402
gate_proj,11651,43,5037,-0.02401,0.02401
gate_proj,11651,44,1329,0.02373,0.02373
gate_proj,11651,45,8451,-0.02361,0.02361
gate_proj,11651,46,1404,0.02331,0.02331
gate_proj,11651,47,8673,0.02309,0.02309
gate_proj,11651,48,23869,-0.02297,0.02297
gate_proj,11651,49,9306,-0.02263,0.02263
gate_proj,11651,50,8844,0.0225,0.0225
gate_proj,12527,1,11229,-0.08704,0.08704
gate_proj,12527,2,4032,0.04827,0.04827
gate_proj,12527,3,7478,-0.04451,0.04451
gate_proj,12527,4,10567,0.04292,0.04292
gate_proj,12527,5,23161,0.04,0.04
gate_proj,12527,6,14179,-0.03714,0.03714
gate_proj,12527,7,15120,-0.03659,0.03659
gate_proj,12527,8,5645,-0.03614,0.03614
gate_proj,12527,9,4435,0.03581,0.03581
gate_proj,12527,10,20655,0.03483,0.03483
gate_proj,12527,11,24467,-0.03438,0.03438
gate_proj,12527,12,5437,-0.03379,0.03379
gate_proj,12527,13,23529,0.03177,0.03177
gate_proj,12527,14,8673,-0.0316,0.0316
gate_proj,12527,15,11356,0.03152,0.03152
gate_proj,12527,16,8152,-0.03083,0.03083
gate_proj,12527,17,12162,-0.03045,0.03045
gate_proj,12527,18,15182,0.03029,0.03029
gate_proj,12527,19,5037,0.02958,0.02958
gate_proj,12527,20,21211,0.02946,0.02946
gate_proj,12527,21,6196,-0.02921,0.02921
gate_proj,12527,22,17747,-0.02905,0.02905
gate_proj,12527,23,11786,-0.029,0.029
gate_proj,12527,24,20716,0.02867,0.02867
gate_proj,12527,25,8821,0.02821,0.02821
gate_proj,12527,26,15138,-0.02774,0.02774
gate_proj,12527,27,11224,0.02746,0.02746
gate_proj,12527,28,20804,0.02697,0.02697
gate_proj,12527,29,23606,-0.02662,0.02662
gate_proj,12527,30,21755,-0.02652,0.02652
gate_proj,12527,31,17005,0.02646,0.02646
gate_proj,12527,32,16432,0.02624,0.02624
gate_proj,12527,33,181,0.02599,0.02599
gate_proj,12527,34,19599,-0.02596,0.02596
gate_proj,12527,35,16578,-0.02565,0.02565
gate_proj,12527,36,10330,0.02552,0.02552
gate_proj,12527,37,1328,-0.02498,0.02498
gate_proj,12527,38,11378,-0.0245,0.0245
gate_proj,12527,39,6731,-0.02434,0.02434
gate_proj,12527,40,8408,-0.02364,0.02364
gate_proj,12527,41,6998,-0.02361,0.02361
gate_proj,12527,42,22895,0.02332,0.02332
gate_proj,12527,43,12614,0.02328,0.02328
gate_proj,12527,44,8440,-0.02319,0.02319
gate_proj,12527,45,18498,-0.023,0.023
gate_proj,12527,46,19507,-0.02277,0.02277
gate_proj,12527,47,18309,0.0222,0.0222
gate_proj,12527,48,8438,-0.02209,0.02209
gate_proj,12527,49,8451,0.02178,0.02178
gate_proj,12527,50,17806,-0.02169,0.02169
gate_proj,391,1,20655,0.06615,0.06615
gate_proj,391,2,5147,-0.061,0.061
gate_proj,391,3,11224,0.05555,0.05555
gate_proj,391,4,8673,-0.04942,0.04942
gate_proj,391,5,3660,0.04916,0.04916
gate_proj,391,6,4032,0.04698,0.04698
gate_proj,391,7,8451,-0.04666,0.04666
gate_proj,391,8,13059,-0.04467,0.04467
gate_proj,391,9,6058,0.04407,0.04407
gate_proj,391,10,23161,0.04222,0.04222
gate_proj,391,11,5430,-0.04168,0.04168
gate_proj,391,12,23529,0.04055,0.04055
gate_proj,391,13,1210,0.04051,0.04051
gate_proj,391,14,11229,-0.04001,0.04001
gate_proj,391,15,17512,-0.03875,0.03875
gate_proj,391,16,5785,-0.03874,0.03874
gate_proj,391,17,7478,-0.03729,0.03729
gate_proj,391,18,23771,0.03717,0.03717
gate_proj,391,19,1328,0.03707,0.03707
gate_proj,391,20,1823,0.03699,0.03699
gate_proj,391,21,3939,-0.03672,0.03672
gate_proj,391,22,15138,0.0355,0.0355
gate_proj,391,23,11378,-0.03549,0.03549
gate_proj,391,24,19599,-0.03481,0.03481
gate_proj,391,25,23087,-0.03362,0.03362
gate_proj,391,26,16385,-0.03323,0.03323
gate_proj,391,27,23647,-0.03153,0.03153
gate_proj,391,28,10560,-0.03119,0.03119
gate_proj,391,29,5101,0.03055,0.03055
gate_proj,391,30,20733,-0.03049,0.03049
gate_proj,391,31,7737,0.03035,0.03035
gate_proj,391,32,1304,0.03021,0.03021
gate_proj,391,33,3060,0.03019,0.03019
gate_proj,391,34,1196,-0.02916,0.02916
gate_proj,391,35,6424,0.02911,0.02911
gate_proj,391,36,11759,-0.02891,0.02891
gate_proj,391,37,11786,-0.02849,0.02849
gate_proj,391,38,6167,-0.02816,0.02816
gate_proj,391,39,4112,0.0277,0.0277
gate_proj,391,40,23023,0.02726,0.02726
gate_proj,391,41,18570,0.02659,0.02659
gate_proj,391,42,11124,-0.02648,0.02648
gate_proj,391,43,1428,-0.02614,0.02614
gate_proj,391,44,16085,-0.02598,0.02598
gate_proj,391,45,13603,-0.02579,0.02579
gate_proj,391,46,1034,-0.02538,0.02538
gate_proj,391,47,4119,0.02527,0.02527
gate_proj,391,48,24467,-0.02519,0.02519
gate_proj,391,49,19203,0.02436,0.02436
gate_proj,391,50,1404,0.02406,0.02406
gate_proj,2405,1,17298,-0.12643,0.12643
gate_proj,2405,2,6731,-0.1037,0.1037
gate_proj,2405,3,16401,0.07943,0.07943
gate_proj,2405,4,4112,0.07851,0.07851
gate_proj,2405,5,11356,0.07741,0.07741
gate_proj,2405,6,23104,-0.0748,0.0748
gate_proj,2405,7,19599,-0.07479,0.07479
gate_proj,2405,8,13881,0.07432,0.07432
gate_proj,2405,9,8844,0.07397,0.07397
gate_proj,2405,10,5430,-0.07261,0.07261
gate_proj,2405,11,12665,-0.06805,0.06805
gate_proj,2405,12,20655,0.06335,0.06335
gate_proj,2405,13,8673,0.06279,0.06279
gate_proj,2405,14,21211,0.06271,0.06271
gate_proj,2405,15,7548,0.06162,0.06162
gate_proj,2405,16,5179,-0.06091,0.06091
gate_proj,2405,17,21330,-0.06067,0.06067
gate_proj,2405,18,1823,-0.05958,0.05958
gate_proj,2405,19,12602,-0.05593,0.05593
gate_proj,2405,20,16041,0.05525,0.05525
gate_proj,2405,21,11141,0.05421,0.05421
gate_proj,2405,22,23035,0.05377,0.05377
gate_proj,2405,23,7478,-0.05371,0.05371
gate_proj,2405,24,11759,0.05361,0.05361
gate_proj,2405,25,13262,-0.05246,0.05246
gate_proj,2405,26,23053,-0.05022,0.05022
gate_proj,2405,27,1328,0.04734,0.04734
gate_proj,2405,28,11681,-0.04552,0.04552
gate_proj,2405,29,17747,-0.04254,0.04254
gate_proj,2405,30,12614,-0.04229,0.04229
gate_proj,2405,31,16432,-0.04138,0.04138
gate_proj,2405,32,5147,-0.0406,0.0406
gate_proj,2405,33,23606,-0.03927,0.03927
gate_proj,2405,34,20915,0.03834,0.03834
gate_proj,2405,35,16863,0.03687,0.03687
gate_proj,2405,36,15182,0.03608,0.03608
gate_proj,2405,37,23529,0.03469,0.03469
gate_proj,2405,38,6424,0.0343,0.0343
gate_proj,2405,39,4032,0.03408,0.03408
gate_proj,2405,40,4092,0.03317,0.03317
gate_proj,2405,41,18894,-0.03284,0.03284
gate_proj,2405,42,9854,-0.03271,0.03271
gate_proj,2405,43,19909,0.03266,0.03266
gate_proj,2405,44,17512,-0.0313,0.0313
gate_proj,2405,45,7737,0.03049,0.03049
gate_proj,2405,46,12162,-0.02994,0.02994
gate_proj,2405,47,14032,0.02973,0.02973
gate_proj,2405,48,6825,-0.02916,0.02916
gate_proj,2405,49,11229,-0.02872,0.02872
gate_proj,2405,50,11378,-0.02811,0.02811
gate_proj,11942,1,7548,0.09046,0.09046
gate_proj,11942,2,12602,0.08638,0.08638
gate_proj,11942,3,17298,0.08212,0.08212
gate_proj,11942,4,23771,0.07681,0.07681
gate_proj,11942,5,5430,0.06357,0.06357
gate_proj,11942,6,12665,0.06114,0.06114
gate_proj,11942,7,4112,0.0588,0.0588
gate_proj,11942,8,23035,-0.05828,0.05828
gate_proj,11942,9,17747,-0.05751,0.05751
gate_proj,11942,10,21330,-0.05579,0.05579
gate_proj,11942,11,11787,0.05413,0.05413
gate_proj,11942,12,7478,-0.0538,0.0538
gate_proj,11942,13,23104,0.05172,0.05172
gate_proj,11942,14,4032,0.05042,0.05042
gate_proj,11942,15,11759,-0.04962,0.04962
gate_proj,11942,16,11229,-0.04923,0.04923
gate_proj,11942,17,1328,-0.04714,0.04714
gate_proj,11942,18,13262,0.04502,0.04502
gate_proj,11942,19,11141,0.04467,0.04467
gate_proj,11942,20,6731,0.0438,0.0438
gate_proj,11942,21,18309,-0.04302,0.04302
gate_proj,11942,22,1823,0.0421,0.0421
gate_proj,11942,23,3939,-0.04174,0.04174
gate_proj,11942,24,16041,-0.04171,0.04171
gate_proj,11942,25,6825,0.04094,0.04094
gate_proj,11942,26,11124,-0.04011,0.04011
gate_proj,11942,27,21211,-0.0394,0.0394
gate_proj,11942,28,17512,0.03932,0.03932
gate_proj,11942,29,4092,0.03901,0.03901
gate_proj,11942,30,20655,0.03805,0.03805
gate_proj,11942,31,20804,0.03753,0.03753
gate_proj,11942,32,12162,-0.0369,0.0369
gate_proj,11942,33,23529,0.03655,0.03655
gate_proj,11942,34,7737,0.03652,0.03652
gate_proj,11942,35,11224,0.03591,0.03591
gate_proj,11942,36,5101,0.03512,0.03512
gate_proj,11942,37,4435,0.03492,0.03492
gate_proj,11942,38,19214,-0.03485,0.03485
gate_proj,11942,39,13881,-0.03447,0.03447
gate_proj,11942,40,1304,0.03421,0.03421
gate_proj,11942,41,23053,-0.034,0.034
gate_proj,11942,42,2336,0.03392,0.03392
gate_proj,11942,43,15120,-0.03342,0.03342
gate_proj,11942,44,9854,0.03336,0.03336
gate_proj,11942,45,23606,-0.03292,0.03292
gate_proj,11942,46,11356,-0.03281,0.03281
gate_proj,11942,47,16432,0.03266,0.03266
gate_proj,11942,48,11378,0.03263,0.03263
gate_proj,11942,49,8821,-0.03197,0.03197
gate_proj,11942,50,16401,-0.03133,0.03133
gate_proj,4549,1,7548,0.16012,0.16012
gate_proj,4549,2,12602,0.13455,0.13455
gate_proj,4549,3,6731,-0.08862,0.08862
gate_proj,4549,4,17512,0.08792,0.08792
gate_proj,4549,5,4032,0.08224,0.08224
gate_proj,4549,6,11759,-0.07321,0.07321
gate_proj,4549,7,23771,0.07283,0.07283
gate_proj,4549,8,20804,0.05514,0.05514
gate_proj,4549,9,23104,0.05489,0.05489
gate_proj,4549,10,4112,0.05255,0.05255
gate_proj,4549,11,14179,0.05202,0.05202
gate_proj,4549,12,10823,0.05131,0.05131
gate_proj,4549,13,11224,0.05031,0.05031
gate_proj,4549,14,17747,-0.05005,0.05005
gate_proj,4549,15,23053,-0.04983,0.04983
gate_proj,4549,16,8821,-0.04562,0.04562
gate_proj,4549,17,7478,-0.04544,0.04544
gate_proj,4549,18,4092,0.04453,0.04453
gate_proj,4549,19,23035,-0.04378,0.04378
gate_proj,4549,20,12665,0.04364,0.04364
gate_proj,4549,21,563,-0.04355,0.04355
gate_proj,4549,22,5645,0.04244,0.04244
gate_proj,4549,23,21330,-0.0403,0.0403
gate_proj,4549,24,5430,0.04021,0.04021
gate_proj,4549,25,5216,-0.03993,0.03993
gate_proj,4549,26,18309,-0.03939,0.03939
gate_proj,4549,27,8844,0.03914,0.03914
gate_proj,4549,28,11229,-0.03887,0.03887
gate_proj,4549,29,24467,-0.03848,0.03848
gate_proj,4549,30,1404,-0.03834,0.03834
gate_proj,4549,31,13881,0.03713,0.03713
gate_proj,4549,32,1304,0.03652,0.03652
gate_proj,4549,33,15138,-0.03596,0.03596
gate_proj,4549,34,11681,-0.03581,0.03581
gate_proj,4549,35,23161,0.03498,0.03498
gate_proj,4549,36,16357,0.0349,0.0349
gate_proj,4549,37,16863,-0.03452,0.03452
gate_proj,4549,38,14032,-0.03364,0.03364
gate_proj,4549,39,20655,0.03359,0.03359
gate_proj,4549,40,16432,0.03303,0.03303
gate_proj,4549,41,3939,-0.03244,0.03244
gate_proj,4549,42,12614,-0.03208,0.03208
gate_proj,4549,43,12576,-0.0318,0.0318
gate_proj,4549,44,16578,0.03,0.03
gate_proj,4549,45,3100,-0.02948,0.02948
gate_proj,4549,46,16041,0.02884,0.02884
gate_proj,4549,47,23529,0.0286,0.0286
gate_proj,4549,48,14587,-0.02771,0.02771
gate_proj,4549,49,8472,-0.02751,0.02751
gate_proj,4549,50,6825,0.02746,0.02746
gate_proj,2923,1,12602,-0.11519,0.11519
gate_proj,2923,2,17512,-0.07348,0.07348
gate_proj,2923,3,19599,-0.06745,0.06745
gate_proj,2923,4,20915,0.06097,0.06097
gate_proj,2923,5,11759,0.06056,0.06056
gate_proj,2923,6,20655,0.05897,0.05897
gate_proj,2923,7,11229,-0.05375,0.05375
gate_proj,2923,8,5179,-0.05355,0.05355
gate_proj,2923,9,23104,-0.05315,0.05315
gate_proj,2923,10,12665,-0.05292,0.05292
gate_proj,2923,11,1328,0.05214,0.05214
gate_proj,2923,12,7478,-0.05135,0.05135
gate_proj,2923,13,5430,-0.05031,0.05031
gate_proj,2923,14,21330,-0.04969,0.04969
gate_proj,2923,15,4112,0.0488,0.0488
gate_proj,2923,16,17298,-0.04878,0.04878
gate_proj,2923,17,23529,0.04666,0.04666
gate_proj,2923,18,17747,-0.04579,0.04579
gate_proj,2923,19,1404,0.04329,0.04329
gate_proj,2923,20,24467,0.04244,0.04244
gate_proj,2923,21,16401,0.04092,0.04092
gate_proj,2923,22,11474,-0.04063,0.04063
gate_proj,2923,23,7548,-0.04048,0.04048
gate_proj,2923,24,23053,-0.03995,0.03995
gate_proj,2923,25,20804,-0.03953,0.03953
gate_proj,2923,26,23035,0.0385,0.0385
gate_proj,2923,27,12977,0.03762,0.03762
gate_proj,2923,28,11787,0.03678,0.03678
gate_proj,2923,29,8673,0.03494,0.03494
gate_proj,2923,30,8844,0.03426,0.03426
gate_proj,2923,31,6825,-0.03384,0.03384
gate_proj,2923,32,16432,-0.03362,0.03362
gate_proj,2923,33,14032,0.03335,0.03335
gate_proj,2923,34,3060,0.03309,0.03309
gate_proj,2923,35,6424,0.03188,0.03188
gate_proj,2923,36,14179,-0.03002,0.03002
gate_proj,2923,37,7737,0.02953,0.02953
gate_proj,2923,38,16863,0.02896,0.02896
gate_proj,2923,39,1823,-0.02833,0.02833
gate_proj,2923,40,9854,-0.028,0.028
gate_proj,2923,41,8926,-0.02736,0.02736
gate_proj,2923,42,23647,-0.02713,0.02713
gate_proj,2923,43,11141,0.02657,0.02657
gate_proj,2923,44,20716,0.02652,0.02652
gate_proj,2923,45,4193,-0.0265,0.0265
gate_proj,2923,46,14425,0.02645,0.02645
gate_proj,2923,47,13603,0.02572,0.02572
gate_proj,2923,48,10720,-0.02539,0.02539
gate_proj,2923,49,19214,-0.02523,0.02523
gate_proj,2923,50,4092,0.02518,0.02518
gate_proj,14013,1,6731,-0.17573,0.17573
gate_proj,14013,2,7548,0.13637,0.13637
gate_proj,14013,3,13881,0.10301,0.10301
gate_proj,14013,4,17298,-0.0868,0.0868
gate_proj,14013,5,16401,0.07559,0.07559
gate_proj,14013,6,8844,0.07014,0.07014
gate_proj,14013,7,16041,0.0653,0.0653
gate_proj,14013,8,19599,-0.06503,0.06503
gate_proj,14013,9,4112,0.06487,0.06487
gate_proj,14013,10,12602,0.06268,0.06268
gate_proj,14013,11,20655,0.05671,0.05671
gate_proj,14013,12,21211,0.0537,0.0537
gate_proj,14013,13,23053,-0.05243,0.05243
gate_proj,14013,14,1823,-0.05053,0.05053
gate_proj,14013,15,17512,0.04999,0.04999
gate_proj,14013,16,15182,0.04935,0.04935
gate_proj,14013,17,11356,0.04895,0.04895
gate_proj,14013,18,4032,0.04758,0.04758
gate_proj,14013,19,5179,-0.0454,0.0454
gate_proj,14013,20,11681,-0.04489,0.04489
gate_proj,14013,21,13262,-0.04472,0.04472
gate_proj,14013,22,5147,-0.04412,0.04412
gate_proj,14013,23,14179,0.04197,0.04197
gate_proj,14013,24,8673,0.04121,0.04121
gate_proj,14013,25,12576,-0.03964,0.03964
gate_proj,14013,26,1660,-0.03941,0.03941
gate_proj,14013,27,12977,-0.03936,0.03936
gate_proj,14013,28,15138,-0.03809,0.03809
gate_proj,14013,29,1196,0.0377,0.0377
gate_proj,14013,30,23023,0.0366,0.0366
gate_proj,14013,31,563,-0.03634,0.03634
gate_proj,14013,32,11378,-0.03534,0.03534
gate_proj,14013,33,17747,-0.0331,0.0331
gate_proj,14013,34,18894,-0.03187,0.03187
gate_proj,14013,35,16259,0.03127,0.03127
gate_proj,14013,36,12614,-0.03105,0.03105
gate_proj,14013,37,7478,-0.03015,0.03015
gate_proj,14013,38,24467,-0.02991,0.02991
gate_proj,14013,39,20804,0.02924,0.02924
gate_proj,14013,40,5645,0.02894,0.02894
gate_proj,14013,41,4092,0.02879,0.02879
gate_proj,14013,42,23647,0.02832,0.02832
gate_proj,14013,43,20998,-0.02819,0.02819
gate_proj,14013,44,23869,-0.02789,0.02789
gate_proj,14013,45,18204,0.02775,0.02775
gate_proj,14013,46,11141,0.02749,0.02749
gate_proj,14013,47,18570,-0.02707,0.02707
gate_proj,14013,48,11360,0.02666,0.02666
gate_proj,14013,49,4435,-0.02592,0.02592
gate_proj,14013,50,6058,0.02571,0.02571
gate_proj,13662,1,19773,-0.14099,0.14099
gate_proj,13662,2,5420,-0.12259,0.12259
gate_proj,13662,3,11229,-0.09932,0.09932
gate_proj,13662,4,1673,-0.08586,0.08586
gate_proj,13662,5,8414,-0.08528,0.08528
gate_proj,13662,6,13171,0.08311,0.08311
gate_proj,13662,7,21811,0.07209,0.07209
gate_proj,13662,8,15476,-0.0676,0.0676
gate_proj,13662,9,18250,0.0657,0.0657
gate_proj,13662,10,4112,0.06289,0.06289
gate_proj,13662,11,4715,0.05155,0.05155
gate_proj,13662,12,5147,0.04778,0.04778
gate_proj,13662,13,20986,0.04333,0.04333
gate_proj,13662,14,1329,0.04266,0.04266
gate_proj,13662,15,8873,0.04201,0.04201
gate_proj,13662,16,13603,-0.04186,0.04186
gate_proj,13662,17,7737,0.04145,0.04145
gate_proj,13662,18,22783,0.04053,0.04053
gate_proj,13662,19,19932,0.03962,0.03962
gate_proj,13662,20,9412,-0.03846,0.03846
gate_proj,13662,21,3922,0.03786,0.03786
gate_proj,13662,22,23512,-0.03628,0.03628
gate_proj,13662,23,21330,-0.03612,0.03612
gate_proj,13662,24,23781,-0.03517,0.03517
gate_proj,13662,25,4199,-0.03405,0.03405
gate_proj,13662,26,12989,-0.03399,0.03399
gate_proj,13662,27,12203,0.03345,0.03345
gate_proj,13662,28,16138,0.03244,0.03244
gate_proj,13662,29,17005,0.03164,0.03164
gate_proj,13662,30,15674,0.03148,0.03148
gate_proj,13662,31,6669,-0.03109,0.03109
gate_proj,13662,32,11352,0.03003,0.03003
gate_proj,13662,33,1029,-0.02999,0.02999
gate_proj,13662,34,22032,-0.02972,0.02972
gate_proj,13662,35,12162,-0.0297,0.0297
gate_proj,13662,36,20274,0.02956,0.02956
gate_proj,13662,37,1823,-0.02954,0.02954
gate_proj,13662,38,11563,0.02954,0.02954
gate_proj,13662,39,19733,0.02893,0.02893
gate_proj,13662,40,10567,-0.0285,0.0285
gate_proj,13662,41,10303,0.02798,0.02798
gate_proj,13662,42,23869,-0.02783,0.02783
gate_proj,13662,43,2083,-0.02773,0.02773
gate_proj,13662,44,15017,0.02759,0.02759
gate_proj,13662,45,13411,0.02738,0.02738
gate_proj,13662,46,10560,0.02735,0.02735
gate_proj,13662,47,10823,0.02731,0.02731
gate_proj,13662,48,15716,0.02703,0.02703
gate_proj,13662,49,21755,-0.02646,0.02646
gate_proj,13662,50,8058,0.02624,0.02624
gate_proj,6230,1,13603,-0.15012,0.15012
gate_proj,6230,2,7478,-0.10037,0.10037
gate_proj,6230,3,5147,-0.08588,0.08588
gate_proj,6230,4,17747,-0.08335,0.08335
gate_proj,6230,5,10567,-0.0739,0.0739
gate_proj,6230,6,23529,0.06745,0.06745
gate_proj,6230,7,7737,0.06723,0.06723
gate_proj,6230,8,23161,0.06347,0.06347
gate_proj,6230,9,5101,0.058,0.058
gate_proj,6230,10,11141,0.05616,0.05616
gate_proj,6230,11,1034,-0.05318,0.05318
gate_proj,6230,12,12162,-0.05299,0.05299
gate_proj,6230,13,23087,-0.04583,0.04583
gate_proj,6230,14,23606,-0.04505,0.04505
gate_proj,6230,15,11474,-0.04378,0.04378
gate_proj,6230,16,12008,0.03747,0.03747
gate_proj,6230,17,16730,-0.03641,0.03641
gate_proj,6230,18,15746,-0.0356,0.0356
gate_proj,6230,19,779,0.03537,0.03537
gate_proj,6230,20,21330,-0.03438,0.03438
gate_proj,6230,21,16385,-0.03361,0.03361
gate_proj,6230,22,12042,0.03327,0.03327
gate_proj,6230,23,17992,-0.03312,0.03312
gate_proj,6230,24,10720,-0.03269,0.03269
gate_proj,6230,25,17184,-0.03199,0.03199
gate_proj,6230,26,19214,-0.03095,0.03095
gate_proj,6230,27,16030,-0.03069,0.03069
gate_proj,6230,28,19034,-0.03044,0.03044
gate_proj,6230,29,15905,-0.03027,0.03027
gate_proj,6230,30,2166,-0.02811,0.02811
gate_proj,6230,31,23023,0.02742,0.02742
gate_proj,6230,32,6196,-0.02664,0.02664
gate_proj,6230,33,10858,-0.02626,0.02626
gate_proj,6230,34,13173,0.02587,0.02587
gate_proj,6230,35,21755,-0.02564,0.02564
gate_proj,6230,36,23391,0.02531,0.02531
gate_proj,6230,37,7569,0.02503,0.02503
gate_proj,6230,38,8873,-0.0248,0.0248
gate_proj,6230,39,17674,0.02415,0.02415
gate_proj,6230,40,6511,-0.02343,0.02343
gate_proj,6230,41,14181,0.02219,0.02219
gate_proj,6230,42,6164,0.02217,0.02217
gate_proj,6230,43,22465,0.02193,0.02193
gate_proj,6230,44,19451,0.021,0.021
gate_proj,6230,45,8451,-0.02093,0.02093
gate_proj,6230,46,4828,0.02083,0.02083
gate_proj,6230,47,1304,0.02057,0.02057
gate_proj,6230,48,13881,0.02054,0.02054
gate_proj,6230,49,15138,-0.01989,0.01989
gate_proj,6230,50,21808,-0.01985,0.01985
gate_proj,10722,1,23161,0.05987,0.05987
gate_proj,10722,2,23529,0.0597,0.0597
gate_proj,10722,3,9228,-0.05874,0.05874
gate_proj,10722,4,11141,0.0556,0.0556
gate_proj,10722,5,23606,-0.05345,0.05345
gate_proj,10722,6,10720,-0.04903,0.04903
gate_proj,10722,7,16385,-0.04801,0.04801
gate_proj,10722,8,5147,-0.04634,0.04634
gate_proj,10722,9,8873,-0.04587,0.04587
gate_proj,10722,10,13603,-0.04581,0.04581
gate_proj,10722,11,24096,-0.04211,0.04211
gate_proj,10722,12,12042,0.0419,0.0419
gate_proj,10722,13,10858,-0.04078,0.04078
gate_proj,10722,14,11229,0.04045,0.04045
gate_proj,10722,15,779,0.03939,0.03939
gate_proj,10722,16,23736,0.03848,0.03848
gate_proj,10722,17,12162,0.03829,0.03829
gate_proj,10722,18,15905,-0.03773,0.03773
gate_proj,10722,19,10303,-0.03566,0.03566
gate_proj,10722,20,7737,0.03553,0.03553
gate_proj,10722,21,19034,0.03551,0.03551
gate_proj,10722,22,17674,0.03464,0.03464
gate_proj,10722,23,9789,0.03256,0.03256
gate_proj,10722,24,22776,0.03201,0.03201
gate_proj,10722,25,17534,-0.03105,0.03105
gate_proj,10722,26,8728,-0.03104,0.03104
gate_proj,10722,27,1034,-0.02871,0.02871
gate_proj,10722,28,16863,-0.02835,0.02835
gate_proj,10722,29,8414,0.02738,0.02738
gate_proj,10722,30,1171,-0.02694,0.02694
gate_proj,10722,31,17747,-0.02668,0.02668
gate_proj,10722,32,15898,0.02563,0.02563
gate_proj,10722,33,19214,-0.02552,0.02552
gate_proj,10722,34,7569,0.02524,0.02524
gate_proj,10722,35,3100,-0.02471,0.02471
gate_proj,10722,36,15132,-0.02438,0.02438
gate_proj,10722,37,12008,0.02395,0.02395
gate_proj,10722,38,8968,0.02354,0.02354
gate_proj,10722,39,18365,-0.0234,0.0234
gate_proj,10722,40,15746,-0.02316,0.02316
gate_proj,10722,41,8844,-0.02301,0.02301
gate_proj,10722,42,1029,0.02277,0.02277
gate_proj,10722,43,11842,-0.02275,0.02275
gate_proj,10722,44,19773,0.02256,0.02256
gate_proj,10722,45,24516,-0.02225,0.02225
gate_proj,10722,46,20314,0.02158,0.02158
gate_proj,10722,47,12203,-0.0212,0.0212
gate_proj,10722,48,4970,-0.02088,0.02088
gate_proj,10722,49,6196,-0.02073,0.02073
gate_proj,10722,50,4032,0.02053,0.02053
gate_proj,4287,1,13603,-0.09004,0.09004
gate_proj,4287,2,17747,-0.0582,0.0582
gate_proj,4287,3,21330,-0.05561,0.05561
gate_proj,4287,4,23529,0.05514,0.05514
gate_proj,4287,5,1034,-0.05268,0.05268
gate_proj,4287,6,23161,0.05128,0.05128
gate_proj,4287,7,23606,-0.04931,0.04931
gate_proj,4287,8,23087,-0.04819,0.04819
gate_proj,4287,9,4715,-0.04224,0.04224
gate_proj,4287,10,6196,-0.04063,0.04063
gate_proj,4287,11,10720,-0.03942,0.03942
gate_proj,4287,12,16259,-0.03795,0.03795
gate_proj,4287,13,8414,0.03777,0.03777
gate_proj,4287,14,23869,-0.03696,0.03696
gate_proj,4287,15,779,0.03671,0.03671
gate_proj,4287,16,181,0.03623,0.03623
gate_proj,4287,17,7478,-0.03607,0.03607
gate_proj,4287,18,16863,-0.03548,0.03548
gate_proj,4287,19,5147,-0.03518,0.03518
gate_proj,4287,20,12162,-0.03496,0.03496
gate_proj,4287,21,18365,-0.03407,0.03407
gate_proj,4287,22,12576,0.03401,0.03401
gate_proj,4287,23,7737,0.03393,0.03393
gate_proj,4287,24,20998,-0.03348,0.03348
gate_proj,4287,25,8968,0.03313,0.03313
gate_proj,4287,26,7911,0.03245,0.03245
gate_proj,4287,27,18925,-0.03199,0.03199
gate_proj,4287,28,13171,0.03198,0.03198
gate_proj,4287,29,11030,0.03044,0.03044
gate_proj,4287,30,16138,0.03017,0.03017
gate_proj,4287,31,17184,-0.02998,0.02998
gate_proj,4287,32,16401,0.02939,0.02939
gate_proj,4287,33,12042,0.02878,0.02878
gate_proj,4287,34,15746,-0.0286,0.0286
gate_proj,4287,35,9789,0.02851,0.02851
gate_proj,4287,36,20716,0.02812,0.02812
gate_proj,4287,37,15182,-0.02761,0.02761
gate_proj,4287,38,8623,-0.02752,0.02752
gate_proj,4287,39,9521,-0.02733,0.02733
gate_proj,4287,40,5768,-0.02729,0.02729
gate_proj,4287,41,15030,-0.02708,0.02708
gate_proj,4287,42,15905,-0.02704,0.02704
gate_proj,4287,43,17760,0.027,0.027
gate_proj,4287,44,18442,0.02666,0.02666
gate_proj,4287,45,15356,-0.02635,0.02635
gate_proj,4287,46,6556,-0.0263,0.0263
gate_proj,4287,47,5645,-0.02567,0.02567
gate_proj,4287,48,14179,0.02531,0.02531
gate_proj,4287,49,18555,0.02512,0.02512
gate_proj,4287,50,6167,-0.02508,0.02508
gate_proj,12898,1,23391,-0.08007,0.08007
gate_proj,12898,2,13603,-0.07855,0.07855
gate_proj,12898,3,5147,-0.06619,0.06619
gate_proj,12898,4,23606,-0.04977,0.04977
gate_proj,12898,5,23529,0.04907,0.04907
gate_proj,12898,6,23161,-0.04869,0.04869
gate_proj,12898,7,7569,-0.04846,0.04846
gate_proj,12898,8,12042,-0.04813,0.04813
gate_proj,12898,9,11229,0.04725,0.04725
gate_proj,12898,10,17184,-0.04336,0.04336
gate_proj,12898,11,17747,-0.04163,0.04163
gate_proj,12898,12,16730,-0.04134,0.04134
gate_proj,12898,13,16385,-0.03833,0.03833
gate_proj,12898,14,7478,-0.03801,0.03801
gate_proj,12898,15,16259,0.03754,0.03754
gate_proj,12898,16,21330,-0.03646,0.03646
gate_proj,12898,17,13389,-0.03611,0.03611
gate_proj,12898,18,17992,-0.03528,0.03528
gate_proj,12898,19,6541,0.03469,0.03469
gate_proj,12898,20,8844,-0.03203,0.03203
gate_proj,12898,21,11474,-0.03181,0.03181
gate_proj,12898,22,779,0.03162,0.03162
gate_proj,12898,23,15905,-0.03111,0.03111
gate_proj,12898,24,10567,0.03109,0.03109
gate_proj,12898,25,9843,-0.03093,0.03093
gate_proj,12898,26,8410,0.03086,0.03086
gate_proj,12898,27,11141,0.03043,0.03043
gate_proj,12898,28,23087,-0.02886,0.02886
gate_proj,12898,29,3841,0.0273,0.0273
gate_proj,12898,30,1490,-0.02722,0.02722
gate_proj,12898,31,20709,0.02445,0.02445
gate_proj,12898,32,3060,0.02418,0.02418
gate_proj,12898,33,15746,-0.02413,0.02413
gate_proj,12898,34,23781,-0.02396,0.02396
gate_proj,12898,35,21153,-0.02324,0.02324
gate_proj,12898,36,4591,-0.02289,0.02289
gate_proj,12898,37,7737,0.02286,0.02286
gate_proj,12898,38,6855,-0.02258,0.02258
gate_proj,12898,39,7911,-0.02257,0.02257
gate_proj,12898,40,18311,0.0217,0.0217
gate_proj,12898,41,4199,0.02158,0.02158
gate_proj,12898,42,1029,-0.02126,0.02126
gate_proj,12898,43,8873,-0.02105,0.02105
gate_proj,12898,44,18221,0.02084,0.02084
gate_proj,12898,45,19451,0.0208,0.0208
gate_proj,12898,46,1680,-0.02075,0.02075
gate_proj,12898,47,13881,-0.02067,0.02067
gate_proj,12898,48,9646,-0.02056,0.02056
gate_proj,12898,49,6196,-0.02041,0.02041
gate_proj,12898,50,14425,0.02033,0.02033
gate_proj,13598,1,11229,-0.11816,0.11816
gate_proj,13598,2,13603,0.09043,0.09043
gate_proj,13598,3,23087,0.04666,0.04666
gate_proj,13598,4,10567,0.044,0.044
gate_proj,13598,5,11787,0.04134,0.04134
gate_proj,13598,6,17992,0.03888,0.03888
gate_proj,13598,7,21330,-0.03327,0.03327
gate_proj,13598,8,5147,0.03231,0.03231
gate_proj,13598,9,1210,0.03045,0.03045
gate_proj,13598,10,18442,0.02956,0.02956
gate_proj,13598,11,19733,0.02896,0.02896
gate_proj,13598,12,4199,-0.02739,0.02739
gate_proj,13598,13,11030,0.02733,0.02733
gate_proj,13598,14,16259,-0.02608,0.02608
gate_proj,13598,15,21755,-0.02506,0.02506
gate_proj,13598,16,23869,-0.02443,0.02443
gate_proj,13598,17,8844,0.02423,0.02423
gate_proj,13598,18,6731,0.02392,0.02392
gate_proj,13598,19,11474,0.02297,0.02297
gate_proj,13598,20,13447,-0.02261,0.02261
gate_proj,13598,21,20804,-0.02241,0.02241
gate_proj,13598,22,15017,0.02234,0.02234
gate_proj,13598,23,14735,0.02226,0.02226
gate_proj,13598,24,16401,0.02214,0.02214
gate_proj,13598,25,13806,-0.02204,0.02204
gate_proj,13598,26,1293,0.022,0.022
gate_proj,13598,27,7737,0.02142,0.02142
gate_proj,13598,28,13003,-0.02126,0.02126
gate_proj,13598,29,20564,0.02101,0.02101
gate_proj,13598,30,7227,0.02099,0.02099
gate_proj,13598,31,4185,-0.02095,0.02095
gate_proj,13598,32,19298,-0.02093,0.02093
gate_proj,13598,33,18365,-0.02086,0.02086
gate_proj,13598,34,1823,-0.02082,0.02082
gate_proj,13598,35,11352,0.02064,0.02064
gate_proj,13598,36,3939,-0.02048,0.02048
gate_proj,13598,37,2253,-0.02032,0.02032
gate_proj,13598,38,15120,0.02022,0.02022
gate_proj,13598,39,5430,0.01988,0.01988
gate_proj,13598,40,10330,0.01957,0.01957
gate_proj,13598,41,18309,-0.0194,0.0194
gate_proj,13598,42,17859,0.01912,0.01912
gate_proj,13598,43,23755,0.01906,0.01906
gate_proj,13598,44,19214,-0.01905,0.01905
gate_proj,13598,45,11224,0.01883,0.01883
gate_proj,13598,46,10823,0.01871,0.01871
gate_proj,13598,47,8355,-0.01867,0.01867
gate_proj,13598,48,20915,0.01857,0.01857
gate_proj,13598,49,21893,-0.01848,0.01848
gate_proj,13598,50,10303,-0.01838,0.01838
up_proj,8791,1,18074,0.04684,0.04684
up_proj,8791,2,20179,-0.04534,0.04534
up_proj,8791,3,23712,0.04166,0.04166
up_proj,8791,4,7744,0.04032,0.04032
up_proj,8791,5,22842,0.03699,0.03699
up_proj,8791,6,14194,-0.03406,0.03406
up_proj,8791,7,14360,-0.03347,0.03347
up_proj,8791,8,13494,0.03246,0.03246
up_proj,8791,9,6499,0.03237,0.03237
up_proj,8791,10,11216,-0.03211,0.03211
up_proj,8791,11,12358,-0.03155,0.03155
up_proj,8791,12,18481,0.03082,0.03082
up_proj,8791,13,2810,-0.0308,0.0308
up_proj,8791,14,1025,0.03019,0.03019
up_proj,8791,15,23227,-0.02955,0.02955
up_proj,8791,16,2675,0.02942,0.02942
up_proj,8791,17,9203,-0.02917,0.02917
up_proj,8791,18,10220,0.02909,0.02909
up_proj,8791,19,3990,0.02875,0.02875
up_proj,8791,20,4821,-0.0283,0.0283
up_proj,8791,21,18279,0.02746,0.02746
up_proj,8791,22,19956,-0.02709,0.02709
up_proj,8791,23,7604,-0.02637,0.02637
up_proj,8791,24,19132,0.02626,0.02626
up_proj,8791,25,18415,0.02602,0.02602
up_proj,8791,26,14601,0.02559,0.02559
up_proj,8791,27,10825,-0.02484,0.02484
up_proj,8791,28,17866,0.02481,0.02481
up_proj,8791,29,11376,-0.02416,0.02416
up_proj,8791,30,18232,0.02279,0.02279
up_proj,8791,31,15822,0.0226,0.0226
up_proj,8791,32,10274,0.02249,0.02249
up_proj,8791,33,10864,0.02197,0.02197
up_proj,8791,34,10149,-0.02118,0.02118
up_proj,8791,35,17474,0.021,0.021
up_proj,8791,36,17524,-0.02045,0.02045
up_proj,8791,37,12572,0.0203,0.0203
up_proj,8791,38,19094,-0.02016,0.02016
up_proj,8791,39,17957,-0.0199,0.0199
up_proj,8791,40,1551,-0.01989,0.01989
up_proj,8791,41,23776,-0.01935,0.01935
up_proj,8791,42,18661,-0.01933,0.01933
up_proj,8791,43,17779,-0.01876,0.01876
up_proj,8791,44,12756,-0.01854,0.01854
up_proj,8791,45,4450,0.01814,0.01814
up_proj,8791,46,14235,-0.01813,0.01813
up_proj,8791,47,12194,-0.01798,0.01798
up_proj,8791,48,10014,-0.01755,0.01755
up_proj,8791,49,4801,0.01748,0.01748
up_proj,8791,50,1153,-0.01737,0.01737
up_proj,11651,1,7130,0.05704,0.05704
up_proj,11651,2,18074,-0.0296,0.0296
up_proj,11651,3,24323,0.02944,0.02944
up_proj,11651,4,12358,0.0288,0.0288
up_proj,11651,5,18232,-0.02829,0.02829
up_proj,11651,6,4424,0.02642,0.02642
up_proj,11651,7,906,-0.02546,0.02546
up_proj,11651,8,13911,-0.02494,0.02494
up_proj,11651,9,19956,0.02442,0.02442
up_proj,11651,10,6499,-0.02442,0.02442
up_proj,11651,11,3905,-0.02422,0.02422
up_proj,11651,12,9203,0.02392,0.02392
up_proj,11651,13,14504,0.0238,0.0238
up_proj,11651,14,1025,-0.02378,0.02378
up_proj,11651,15,10242,-0.0235,0.0235
up_proj,11651,16,7305,0.02163,0.02163
up_proj,11651,17,7173,-0.02039,0.02039
up_proj,11651,18,20179,0.02021,0.02021
up_proj,11651,19,10825,0.01977,0.01977
up_proj,11651,20,13494,-0.01932,0.01932
up_proj,11651,21,3739,-0.01926,0.01926
up_proj,11651,22,21020,-0.01886,0.01886
up_proj,11651,23,5115,0.01879,0.01879
up_proj,11651,24,11376,0.01863,0.01863
up_proj,11651,25,7457,-0.01849,0.01849
up_proj,11651,26,20165,-0.01833,0.01833
up_proj,11651,27,10854,0.01795,0.01795
up_proj,11651,28,3577,0.01793,0.01793
up_proj,11651,29,15822,0.01789,0.01789
up_proj,11651,30,12433,-0.01765,0.01765
up_proj,11651,31,10864,-0.01747,0.01747
up_proj,11651,32,2810,0.01729,0.01729
up_proj,11651,33,22842,-0.01725,0.01725
up_proj,11651,34,23227,-0.01721,0.01721
up_proj,11651,35,15183,0.0172,0.0172
up_proj,11651,36,16238,0.01719,0.01719
up_proj,11651,37,19528,-0.01672,0.01672
up_proj,11651,38,14292,0.01668,0.01668
up_proj,11651,39,14601,-0.01666,0.01666
up_proj,11651,40,24246,0.01664,0.01664
up_proj,11651,41,19132,0.01661,0.01661
up_proj,11651,42,270,0.01659,0.01659
up_proj,11651,43,23776,-0.01659,0.01659
up_proj,11651,44,7744,-0.01653,0.01653
up_proj,11651,45,23712,-0.01647,0.01647
up_proj,11651,46,16858,0.01638,0.01638
up_proj,11651,47,6314,0.01637,0.01637
up_proj,11651,48,5053,-0.0163,0.0163
up_proj,11651,49,23477,-0.01628,0.01628
up_proj,11651,50,3990,-0.01622,0.01622
up_proj,12527,1,24316,-0.02966,0.02966
up_proj,12527,2,23438,0.02782,0.02782
up_proj,12527,3,7173,-0.02753,0.02753
up_proj,12527,4,12675,-0.02702,0.02702
up_proj,12527,5,10133,0.02474,0.02474
up_proj,12527,6,20179,-0.02449,0.02449
up_proj,12527,7,20224,-0.0244,0.0244
up_proj,12527,8,23563,-0.02361,0.02361
up_proj,12527,9,7457,-0.02356,0.02356
up_proj,12527,10,13608,-0.02341,0.02341
up_proj,12527,11,21268,0.02338,0.02338
up_proj,12527,12,10220,0.02295,0.02295
up_proj,12527,13,270,0.02238,0.02238
up_proj,12527,14,9981,0.02206,0.02206
up_proj,12527,15,9203,-0.02206,0.02206
up_proj,12527,16,7773,0.02197,0.02197
up_proj,12527,17,1012,0.0214,0.0214
up_proj,12527,18,15770,0.02125,0.02125
up_proj,12527,19,17866,0.02106,0.02106
up_proj,12527,20,21020,-0.02085,0.02085
up_proj,12527,21,11031,-0.02073,0.02073
up_proj,12527,22,20707,0.01996,0.01996
up_proj,12527,23,9806,0.01976,0.01976
up_proj,12527,24,7305,0.01973,0.01973
up_proj,12527,25,9916,0.01926,0.01926
up_proj,12527,26,5065,0.01903,0.01903
up_proj,12527,27,24323,0.01874,0.01874
up_proj,12527,28,23477,-0.01839,0.01839
up_proj,12527,29,19132,0.01815,0.01815
up_proj,12527,30,18481,0.01797,0.01797
up_proj,12527,31,12194,0.01783,0.01783
up_proj,12527,32,12208,0.01765,0.01765
up_proj,12527,33,10474,-0.0175,0.0175
up_proj,12527,34,13296,0.01737,0.01737
up_proj,12527,35,10550,0.01735,0.01735
up_proj,12527,36,24246,0.01674,0.01674
up_proj,12527,37,8679,0.01672,0.01672
up_proj,12527,38,3999,-0.01669,0.01669
up_proj,12527,39,354,-0.0165,0.0165
up_proj,12527,40,2753,-0.01646,0.01646
up_proj,12527,41,2584,-0.01638,0.01638
up_proj,12527,42,22273,0.0163,0.0163
up_proj,12527,43,7130,0.0161,0.0161
up_proj,12527,44,1601,-0.01591,0.01591
up_proj,12527,45,19998,0.01572,0.01572
up_proj,12527,46,23852,-0.01556,0.01556
up_proj,12527,47,14360,-0.01553,0.01553
up_proj,12527,48,14174,0.01538,0.01538
up_proj,12527,49,2069,0.0152,0.0152
up_proj,12527,50,9864,0.01499,0.01499
up_proj,391,1,19956,0.05944,0.05944
up_proj,391,2,7130,0.05802,0.05802
up_proj,391,3,2810,0.05242,0.05242
up_proj,391,4,1025,-0.05024,0.05024
up_proj,391,5,18074,-0.04457,0.04457
up_proj,391,6,5656,0.04425,0.04425
up_proj,391,7,9128,0.04364,0.04364
up_proj,391,8,21911,0.04356,0.04356
up_proj,391,9,10133,0.04051,0.04051
up_proj,391,10,18279,-0.04047,0.04047
up_proj,391,11,14504,0.04045,0.04045
up_proj,391,12,7744,-0.04035,0.04035
up_proj,391,13,7457,-0.03989,0.03989
up_proj,391,14,7604,0.03972,0.03972
up_proj,391,15,12358,0.03965,0.03965
up_proj,391,16,14462,0.03788,0.03788
up_proj,391,17,20224,-0.0378,0.0378
up_proj,391,18,23712,-0.03692,0.03692
up_proj,391,19,14545,-0.03684,0.03684
up_proj,391,20,13911,-0.03663,0.03663
up_proj,391,21,1551,0.0339,0.0339
up_proj,391,22,19640,-0.03322,0.03322
up_proj,391,23,18232,-0.03275,0.03275
up_proj,391,24,12433,-0.03213,0.03213
up_proj,391,25,10404,-0.03197,0.03197
up_proj,391,26,22842,-0.03131,0.03131
up_proj,391,27,7173,-0.03099,0.03099
up_proj,391,28,14601,-0.03091,0.03091
up_proj,391,29,8726,-0.03042,0.03042
up_proj,391,30,10242,-0.03005,0.03005
up_proj,391,31,15770,0.02979,0.02979
up_proj,391,32,16957,-0.02954,0.02954
up_proj,391,33,19199,-0.02951,0.02951
up_proj,391,34,13161,0.02838,0.02838
up_proj,391,35,12385,-0.02823,0.02823
up_proj,391,36,14360,0.02803,0.02803
up_proj,391,37,16238,0.02783,0.02783
up_proj,391,38,21020,-0.02783,0.02783
up_proj,391,39,24323,0.02779,0.02779
up_proj,391,40,21268,0.02758,0.02758
up_proj,391,41,23438,0.02734,0.02734
up_proj,391,42,23477,-0.02687,0.02687
up_proj,391,43,21158,0.02635,0.02635
up_proj,391,44,13151,-0.02624,0.02624
up_proj,391,45,7773,0.02616,0.02616
up_proj,391,46,3905,0.02611,0.02611
up_proj,391,47,13221,-0.02558,0.02558
up_proj,391,48,20707,0.02509,0.02509
up_proj,391,49,6298,-0.02488,0.02488
up_proj,391,50,22023,-0.0248,0.0248
up_proj,2405,1,906,0.08087,0.08087
up_proj,2405,2,12358,0.07098,0.07098
up_proj,2405,3,19132,0.06859,0.06859
up_proj,2405,4,6314,-0.06622,0.06622
up_proj,2405,5,12433,0.06105,0.06105
up_proj,2405,6,15822,-0.0571,0.0571
up_proj,2405,7,24323,0.05501,0.05501
up_proj,2405,8,14462,-0.05475,0.05475
up_proj,2405,9,10619,0.05414,0.05414
up_proj,2405,10,4821,-0.04851,0.04851
up_proj,2405,11,7130,-0.04819,0.04819
up_proj,2405,12,9981,0.04632,0.04632
up_proj,2405,13,15199,-0.04563,0.04563
up_proj,2405,14,11587,0.04404,0.04404
up_proj,2405,15,8016,-0.03791,0.03791
up_proj,2405,16,13161,-0.03727,0.03727
up_proj,2405,17,5065,-0.03663,0.03663
up_proj,2405,18,5704,0.03492,0.03492
up_proj,2405,19,6545,-0.03484,0.03484
up_proj,2405,20,7773,-0.03435,0.03435
up_proj,2405,21,17957,-0.03327,0.03327
up_proj,2405,22,23477,-0.03288,0.03288
up_proj,2405,23,270,-0.03211,0.03211
up_proj,2405,24,19640,-0.03209,0.03209
up_proj,2405,25,16957,-0.03115,0.03115
up_proj,2405,26,13516,-0.0311,0.0311
up_proj,2405,27,10133,0.03062,0.03062
up_proj,2405,28,3577,-0.02883,0.02883
up_proj,2405,29,9700,0.02847,0.02847
up_proj,2405,30,13008,0.02787,0.02787
up_proj,2405,31,10938,-0.02786,0.02786
up_proj,2405,32,9575,-0.02755,0.02755
up_proj,2405,33,7173,-0.02745,0.02745
up_proj,2405,34,13034,0.02702,0.02702
up_proj,2405,35,1025,0.02632,0.02632
up_proj,2405,36,995,0.02626,0.02626
up_proj,2405,37,7744,-0.02588,0.02588
up_proj,2405,38,749,0.02533,0.02533
up_proj,2405,39,5115,-0.02516,0.02516
up_proj,2405,40,12194,-0.02497,0.02497
up_proj,2405,41,20165,-0.02395,0.02395
up_proj,2405,42,3487,-0.0215,0.0215
up_proj,2405,43,18279,0.02134,0.02134
up_proj,2405,44,11788,-0.02129,0.02129
up_proj,2405,45,3431,0.02125,0.02125
up_proj,2405,46,11515,-0.02073,0.02073
up_proj,2405,47,23290,-0.02055,0.02055
up_proj,2405,48,15183,-0.02052,0.02052
up_proj,2405,49,18863,-0.02003,0.02003
up_proj,2405,50,1005,0.01948,0.01948
up_proj,11942,1,5065,0.07288,0.07288
up_proj,11942,2,4821,0.07132,0.07132
up_proj,11942,3,422,0.05861,0.05861
up_proj,11942,4,12194,0.05529,0.05529
up_proj,11942,5,19132,-0.0533,0.0533
up_proj,11942,6,23477,-0.05299,0.05299
up_proj,11942,7,24323,0.0488,0.0488
up_proj,11942,8,17957,0.04859,0.04859
up_proj,11942,9,11587,0.04843,0.04843
up_proj,11942,10,10619,-0.04709,0.04709
up_proj,11942,11,10133,-0.04649,0.04649
up_proj,11942,12,24424,0.04348,0.04348
up_proj,11942,13,13516,-0.04332,0.04332
up_proj,11942,14,3577,-0.04087,0.04087
up_proj,11942,15,9700,0.0388,0.0388
up_proj,11942,16,8016,-0.03867,0.03867
up_proj,11942,17,18661,0.03796,0.03796
up_proj,11942,18,270,-0.03704,0.03704
up_proj,11942,19,3487,0.03667,0.03667
up_proj,11942,20,6545,-0.03584,0.03584
up_proj,11942,21,5704,0.03497,0.03497
up_proj,11942,22,7130,-0.03424,0.03424
up_proj,11942,23,13161,0.03326,0.03326
up_proj,11942,24,11294,0.03153,0.03153
up_proj,11942,25,8726,-0.03126,0.03126
up_proj,11942,26,14601,-0.03121,0.03121
up_proj,11942,27,13034,0.03031,0.03031
up_proj,11942,28,9203,-0.02985,0.02985
up_proj,11942,29,9981,0.02976,0.02976
up_proj,11942,30,749,0.02898,0.02898
up_proj,11942,31,5115,-0.02814,0.02814
up_proj,11942,32,9575,-0.02757,0.02757
up_proj,11942,33,1246,-0.02715,0.02715
up_proj,11942,34,1895,-0.02691,0.02691
up_proj,11942,35,9425,0.02661,0.02661
up_proj,11942,36,995,0.02517,0.02517
up_proj,11942,37,10677,-0.02501,0.02501
up_proj,11942,38,11127,0.02479,0.02479
up_proj,11942,39,1931,-0.02455,0.02455
up_proj,11942,40,12358,-0.0243,0.0243
up_proj,11942,41,10404,0.02422,0.02422
up_proj,11942,42,7029,0.02387,0.02387
up_proj,11942,43,10168,-0.02213,0.02213
up_proj,11942,44,2505,0.02211,0.02211
up_proj,11942,45,4974,-0.02197,0.02197
up_proj,11942,46,5622,-0.02181,0.02181
up_proj,11942,47,11123,-0.02178,0.02178
up_proj,11942,48,744,0.02164,0.02164
up_proj,11942,49,10752,-0.02149,0.02149
up_proj,11942,50,21395,-0.02112,0.02112
up_proj,4549,1,12433,0.09226,0.09226
up_proj,4549,2,14462,-0.08519,0.08519
up_proj,4549,3,6314,-0.07912,0.07912
up_proj,4549,4,906,0.07882,0.07882
up_proj,4549,5,15822,-0.07267,0.07267
up_proj,4549,6,1025,0.05442,0.05442
up_proj,4549,7,12358,0.05329,0.05329
up_proj,4549,8,4821,-0.0504,0.0504
up_proj,4549,9,13161,-0.0441,0.0441
up_proj,4549,10,24323,0.04294,0.04294
up_proj,4549,11,19132,0.0398,0.0398
up_proj,4549,12,10619,0.03857,0.03857
up_proj,4549,13,422,0.03784,0.03784
up_proj,4549,14,17957,-0.03733,0.03733
up_proj,4549,15,6545,-0.03574,0.03574
up_proj,4549,16,7173,-0.03486,0.03486
up_proj,4549,17,7773,-0.03359,0.03359
up_proj,4549,18,3577,-0.03348,0.03348
up_proj,4549,19,1895,-0.03147,0.03147
up_proj,4549,20,7130,-0.03076,0.03076
up_proj,4549,21,10938,-0.02966,0.02966
up_proj,4549,22,15183,-0.02963,0.02963
up_proj,4549,23,4974,-0.0287,0.0287
up_proj,4549,24,11294,0.02804,0.02804
up_proj,4549,25,14601,-0.02785,0.02785
up_proj,4549,26,5622,0.02778,0.02778
up_proj,4549,27,10133,0.02775,0.02775
up_proj,4549,28,10221,-0.02768,0.02768
up_proj,4549,29,7197,-0.02766,0.02766
up_proj,4549,30,10143,-0.02666,0.02666
up_proj,4549,31,9700,0.02641,0.02641
up_proj,4549,32,5704,0.02604,0.02604
up_proj,4549,33,3224,-0.02547,0.02547
up_proj,4549,34,8074,0.02544,0.02544
up_proj,4549,35,744,0.02522,0.02522
up_proj,4549,36,21370,0.0248,0.0248
up_proj,4549,37,8016,-0.02455,0.02455
up_proj,4549,38,16312,0.02363,0.02363
up_proj,4549,39,18279,0.02341,0.02341
up_proj,4549,40,19640,-0.02329,0.02329
up_proj,4549,41,21571,-0.02294,0.02294
up_proj,4549,42,9981,0.02285,0.02285
up_proj,4549,43,16957,-0.02273,0.02273
up_proj,4549,44,11127,0.02195,0.02195
up_proj,4549,45,10168,-0.02158,0.02158
up_proj,4549,46,7744,-0.02107,0.02107
up_proj,4549,47,17779,-0.02092,0.02092
up_proj,4549,48,2505,0.02088,0.02088
up_proj,4549,49,3487,-0.02042,0.02042
up_proj,4549,50,15199,-0.02033,0.02033
up_proj,2923,1,12433,-0.07155,0.07155
up_proj,2923,2,422,-0.06764,0.06764
up_proj,2923,3,18863,0.05898,0.05898
up_proj,2923,4,2810,-0.05501,0.05501
up_proj,2923,5,1025,-0.05027,0.05027
up_proj,2923,6,19132,0.04468,0.04468
up_proj,2923,7,24424,-0.04392,0.04392
up_proj,2923,8,11123,0.04175,0.04175
up_proj,2923,9,13008,0.03852,0.03852
up_proj,2923,10,11294,0.03821,0.03821
up_proj,2923,11,5065,-0.03659,0.03659
up_proj,2923,12,3577,-0.03623,0.03623
up_proj,2923,13,6545,-0.0361,0.0361
up_proj,2923,14,17957,-0.03598,0.03598
up_proj,2923,15,14462,0.0359,0.0359
up_proj,2923,16,21571,-0.03483,0.03483
up_proj,2923,17,6314,0.03362,0.03362
up_proj,2923,18,9700,0.03361,0.03361
up_proj,2923,19,1895,-0.03312,0.03312
up_proj,2923,20,24323,0.03208,0.03208
up_proj,2923,21,12194,-0.03197,0.03197
up_proj,2923,22,8726,0.03148,0.03148
up_proj,2923,23,13516,-0.03016,0.03016
up_proj,2923,24,19094,0.02972,0.02972
up_proj,2923,25,3487,0.02932,0.02932
up_proj,2923,26,4974,-0.02845,0.02845
up_proj,2923,27,1931,-0.02842,0.02842
up_proj,2923,28,3224,-0.02842,0.02842
up_proj,2923,29,9425,0.02681,0.02681
up_proj,2923,30,744,0.02609,0.02609
up_proj,2923,31,8016,-0.02599,0.02599
up_proj,2923,32,10854,-0.02533,0.02533
up_proj,2923,33,17779,-0.02501,0.02501
up_proj,2923,34,17660,0.02473,0.02473
up_proj,2923,35,10677,-0.02439,0.02439
up_proj,2923,36,11587,0.02394,0.02394
up_proj,2923,37,6736,-0.02372,0.02372
up_proj,2923,38,7197,-0.02349,0.02349
up_proj,2923,39,10168,-0.02224,0.02224
up_proj,2923,40,10242,0.0222,0.0222
up_proj,2923,41,5115,-0.02207,0.02207
up_proj,2923,42,4821,-0.02205,0.02205
up_proj,2923,43,12146,-0.0219,0.0219
up_proj,2923,44,9333,-0.02171,0.02171
up_proj,2923,45,2505,0.02151,0.02151
up_proj,2923,46,21370,-0.02135,0.02135
up_proj,2923,47,931,0.0212,0.0212
up_proj,2923,48,14601,0.02097,0.02097
up_proj,2923,49,1638,-0.02043,0.02043
up_proj,2923,50,11031,-0.0204,0.0204
up_proj,14013,1,422,-0.12232,0.12232
up_proj,14013,2,5065,-0.11788,0.11788
up_proj,14013,3,19132,0.09898,0.09898
up_proj,14013,4,4821,-0.09846,0.09846
up_proj,14013,5,12194,-0.08987,0.08987
up_proj,14013,6,24424,-0.0886,0.0886
up_proj,14013,7,11123,0.07885,0.07885
up_proj,14013,8,17957,-0.0777,0.0777
up_proj,14013,9,8726,0.0749,0.0749
up_proj,14013,10,13161,-0.06505,0.06505
up_proj,14013,11,12433,-0.06388,0.06388
up_proj,14013,12,13008,0.06216,0.06216
up_proj,14013,13,18863,0.0588,0.0588
up_proj,14013,14,14601,0.05681,0.05681
up_proj,14013,15,1025,-0.04318,0.04318
up_proj,14013,16,2810,-0.03319,0.03319
up_proj,14013,17,7130,0.03306,0.03306
up_proj,14013,18,23477,0.03137,0.03137
up_proj,14013,19,10619,0.0312,0.0312
up_proj,14013,20,16957,-0.0311,0.0311
up_proj,14013,21,19956,-0.03107,0.03107
up_proj,14013,22,10133,0.02999,0.02999
up_proj,14013,23,14350,-0.02939,0.02939
up_proj,14013,24,16312,0.0288,0.0288
up_proj,14013,25,7173,-0.02791,0.02791
up_proj,14013,26,11788,0.02779,0.02779
up_proj,14013,27,1246,0.02701,0.02701
up_proj,14013,28,21370,-0.02676,0.02676
up_proj,14013,29,9203,0.02674,0.02674
up_proj,14013,30,5622,0.02491,0.02491
up_proj,14013,31,13034,-0.02424,0.02424
up_proj,14013,32,21998,-0.02417,0.02417
up_proj,14013,33,9981,-0.02414,0.02414
up_proj,14013,34,14910,0.02382,0.02382
up_proj,14013,35,10938,0.02228,0.02228
up_proj,14013,36,10854,-0.02115,0.02115
up_proj,14013,37,16589,-0.02065,0.02065
up_proj,14013,38,17660,0.02014,0.02014
up_proj,14013,39,6314,0.01923,0.01923
up_proj,14013,40,906,0.01888,0.01888
up_proj,14013,41,14462,0.01884,0.01884
up_proj,14013,42,12358,0.01843,0.01843
up_proj,14013,43,24323,-0.01842,0.01842
up_proj,14013,44,2579,0.01842,0.01842
up_proj,14013,45,19620,0.01842,0.01842
up_proj,14013,46,23227,0.01835,0.01835
up_proj,14013,47,7744,0.0183,0.0183
up_proj,14013,48,19640,0.01827,0.01827
up_proj,14013,49,2675,-0.01794,0.01794
up_proj,14013,50,11515,0.01775,0.01775
up_proj,13662,1,3608,-0.11269,0.11269
up_proj,13662,2,19800,-0.1108,0.1108
up_proj,13662,3,3999,-0.09675,0.09675
up_proj,13662,4,3194,0.09597,0.09597
up_proj,13662,5,19018,0.08716,0.08716
up_proj,13662,6,20372,-0.08694,0.08694
up_proj,13662,7,943,0.06937,0.06937
up_proj,13662,8,12572,0.04596,0.04596
up_proj,13662,9,9864,-0.04585,0.04585
up_proj,13662,10,12294,-0.04499,0.04499
up_proj,13662,11,22628,0.03949,0.03949
up_proj,13662,12,14029,0.03937,0.03937
up_proj,13662,13,108,-0.03543,0.03543
up_proj,13662,14,18772,0.0339,0.0339
up_proj,13662,15,12984,0.0336,0.0336
up_proj,13662,16,10394,-0.03007,0.03007
up_proj,13662,17,3905,-0.02902,0.02902
up_proj,13662,18,4068,0.02826,0.02826
up_proj,13662,19,4315,0.0268,0.0268
up_proj,13662,20,3012,0.02467,0.02467
up_proj,13662,21,5922,-0.02389,0.02389
up_proj,13662,22,11685,0.02346,0.02346
up_proj,13662,23,11031,0.02301,0.02301
up_proj,13662,24,5203,0.02169,0.02169
up_proj,13662,25,12675,0.02164,0.02164
up_proj,13662,26,3477,-0.02163,0.02163
up_proj,13662,27,15770,-0.02114,0.02114
up_proj,13662,28,22232,-0.02091,0.02091
up_proj,13662,29,19089,0.02087,0.02087
up_proj,13662,30,16496,-0.02069,0.02069
up_proj,13662,31,5237,-0.02059,0.02059
up_proj,13662,32,1425,-0.02026,0.02026
up_proj,13662,33,17895,0.02021,0.02021
up_proj,13662,34,6042,0.02017,0.02017
up_proj,13662,35,12311,-0.02007,0.02007
up_proj,13662,36,20426,-0.01995,0.01995
up_proj,13662,37,22062,-0.01992,0.01992
up_proj,13662,38,9806,-0.01974,0.01974
up_proj,13662,39,15926,-0.01972,0.01972
up_proj,13662,40,14767,0.01954,0.01954
up_proj,13662,41,18570,-0.01948,0.01948
up_proj,13662,42,17861,0.01936,0.01936
up_proj,13662,43,11524,-0.01934,0.01934
up_proj,13662,44,16972,-0.0193,0.0193
up_proj,13662,45,17256,0.01914,0.01914
up_proj,13662,46,13702,0.01913,0.01913
up_proj,13662,47,9163,0.01888,0.01888
up_proj,13662,48,536,-0.0188,0.0188
up_proj,13662,49,10168,0.01876,0.01876
up_proj,13662,50,16104,0.01857,0.01857
up_proj,6230,1,10394,-0.03454,0.03454
up_proj,6230,2,2810,-0.03023,0.03023
up_proj,6230,3,18415,0.02361,0.02361
up_proj,6230,4,1807,0.02244,0.02244
up_proj,6230,5,20606,0.02235,0.02235
up_proj,6230,6,4268,0.02097,0.02097
up_proj,6230,7,9163,-0.02061,0.02061
up_proj,6230,8,943,-0.01985,0.01985
up_proj,6230,9,19199,0.01926,0.01926
up_proj,6230,10,5922,0.0192,0.0192
up_proj,6230,11,16444,-0.01892,0.01892
up_proj,6230,12,2584,0.01892,0.01892
up_proj,6230,13,9169,-0.01861,0.01861
up_proj,6230,14,9806,0.01854,0.01854
up_proj,6230,15,15183,-0.0184,0.0184
up_proj,6230,16,5203,0.018,0.018
up_proj,6230,17,707,0.01796,0.01796
up_proj,6230,18,23335,0.01791,0.01791
up_proj,6230,19,19921,-0.01791,0.01791
up_proj,6230,20,20372,-0.0179,0.0179
up_proj,6230,21,14769,-0.01732,0.01732
up_proj,6230,22,19956,-0.01721,0.01721
up_proj,6230,23,19018,0.01678,0.01678
up_proj,6230,24,7281,-0.01675,0.01675
up_proj,6230,25,13494,0.01635,0.01635
up_proj,6230,26,1711,-0.01629,0.01629
up_proj,6230,27,6530,-0.01613,0.01613
up_proj,6230,28,24086,-0.01592,0.01592
up_proj,6230,29,5237,0.01577,0.01577
up_proj,6230,30,19889,0.01572,0.01572
up_proj,6230,31,3194,0.01565,0.01565
up_proj,6230,32,11127,-0.01561,0.01561
up_proj,6230,33,22169,0.01526,0.01526
up_proj,6230,34,7976,-0.01514,0.01514
up_proj,6230,35,3012,0.01495,0.01495
up_proj,6230,36,4315,0.0149,0.0149
up_proj,6230,37,3671,0.01464,0.01464
up_proj,6230,38,19998,-0.01454,0.01454
up_proj,6230,39,7195,-0.01442,0.01442
up_proj,6230,40,3999,-0.01441,0.01441
up_proj,6230,41,4068,0.01428,0.01428
up_proj,6230,42,12617,0.01407,0.01407
up_proj,6230,43,7072,0.01382,0.01382
up_proj,6230,44,8656,-0.01364,0.01364
up_proj,6230,45,7142,0.01358,0.01358
up_proj,6230,46,18356,-0.01356,0.01356
up_proj,6230,47,2075,-0.01328,0.01328
up_proj,6230,48,3477,0.01298,0.01298
up_proj,6230,49,20191,-0.01277,0.01277
up_proj,6230,50,5176,-0.01268,0.01268
up_proj,10722,1,17251,0.07497,0.07497
up_proj,10722,2,15685,-0.04761,0.04761
up_proj,10722,3,9806,0.04432,0.04432
up_proj,10722,4,9916,0.03859,0.03859
up_proj,10722,5,20606,0.03742,0.03742
up_proj,10722,6,3999,-0.03434,0.03434
up_proj,10722,7,12146,-0.03378,0.03378
up_proj,10722,8,16991,-0.02675,0.02675
up_proj,10722,9,9864,0.02674,0.02674
up_proj,10722,10,12675,0.026,0.026
up_proj,10722,11,14571,0.02595,0.02595
up_proj,10722,12,3081,-0.02281,0.02281
up_proj,10722,13,12294,0.02164,0.02164
up_proj,10722,14,19288,-0.02029,0.02029
up_proj,10722,15,19051,0.01976,0.01976
up_proj,10722,16,12142,0.01896,0.01896
up_proj,10722,17,18877,-0.01854,0.01854
up_proj,10722,18,16045,0.01839,0.01839
up_proj,10722,19,3194,-0.01742,0.01742
up_proj,10722,20,7305,0.01723,0.01723
up_proj,10722,21,10133,-0.01717,0.01717
up_proj,10722,22,5242,0.01702,0.01702
up_proj,10722,23,6275,0.01679,0.01679
up_proj,10722,24,2075,-0.01584,0.01584
up_proj,10722,25,2579,0.01566,0.01566
up_proj,10722,26,943,-0.01564,0.01564
up_proj,10722,27,12572,-0.01496,0.01496
up_proj,10722,28,18570,-0.01495,0.01495
up_proj,10722,29,1895,0.01486,0.01486
up_proj,10722,30,18190,0.01481,0.01481
up_proj,10722,31,8203,-0.01473,0.01473
up_proj,10722,32,23249,-0.01472,0.01472
up_proj,10722,33,19998,-0.01465,0.01465
up_proj,10722,34,2474,-0.01463,0.01463
up_proj,10722,35,9700,-0.01422,0.01422
up_proj,10722,36,3743,-0.01415,0.01415
up_proj,10722,37,262,0.01415,0.01415
up_proj,10722,38,7950,0.01413,0.01413
up_proj,10722,39,4371,-0.01372,0.01372
up_proj,10722,40,23986,0.01343,0.01343
up_proj,10722,41,3923,-0.01336,0.01336
up_proj,10722,42,8726,-0.01315,0.01315
up_proj,10722,43,953,-0.01314,0.01314
up_proj,10722,44,16972,0.01297,0.01297
up_proj,10722,45,20017,0.01295,0.01295
up_proj,10722,46,14198,-0.0129,0.0129
up_proj,10722,47,3012,0.01271,0.01271
up_proj,10722,48,862,-0.01208,0.01208
up_proj,10722,49,7422,0.01207,0.01207
up_proj,10722,50,108,0.01198,0.01198
up_proj,4287,1,18768,0.03269,0.03269
up_proj,4287,2,3905,-0.02413,0.02413
up_proj,4287,3,14601,0.0238,0.0238
up_proj,4287,4,22619,0.02331,0.02331
up_proj,4287,5,19018,-0.02136,0.02136
up_proj,4287,6,14295,0.02038,0.02038
up_proj,4287,7,13516,-0.02004,0.02004
up_proj,4287,8,3608,-0.01819,0.01819
up_proj,4287,9,4099,0.01725,0.01725
up_proj,4287,10,19051,0.01599,0.01599
up_proj,4287,11,270,0.01526,0.01526
up_proj,4287,12,1769,0.01491,0.01491
up_proj,4287,13,1500,-0.01484,0.01484
up_proj,4287,14,20087,0.01481,0.01481
up_proj,4287,15,2871,-0.01474,0.01474
up_proj,4287,16,21693,-0.01457,0.01457
up_proj,4287,17,23108,-0.01408,0.01408
up_proj,4287,18,3194,0.01397,0.01397
up_proj,4287,19,9613,0.01389,0.01389
up_proj,4287,20,15685,0.01354,0.01354
up_proj,4287,21,2021,0.0134,0.0134
up_proj,4287,22,13667,0.01318,0.01318
up_proj,4287,23,18757,-0.0131,0.0131
up_proj,4287,24,9163,-0.01276,0.01276
up_proj,4287,25,13172,-0.01274,0.01274
up_proj,4287,26,21049,-0.01244,0.01244
up_proj,4287,27,5206,0.01237,0.01237
up_proj,4287,28,10168,-0.01227,0.01227
up_proj,4287,29,8725,0.01223,0.01223
up_proj,4287,30,5704,0.01214,0.01214
up_proj,4287,31,16944,-0.01193,0.01193
up_proj,4287,32,707,-0.01185,0.01185
up_proj,4287,33,1519,-0.01156,0.01156
up_proj,4287,34,862,0.01141,0.01141
up_proj,4287,35,10118,0.01137,0.01137
up_proj,4287,36,9169,0.01124,0.01124
up_proj,4287,37,6275,-0.01106,0.01106
up_proj,4287,38,4926,0.01101,0.01101
up_proj,4287,39,6945,0.01088,0.01088
up_proj,4287,40,18481,0.0108,0.0108
up_proj,4287,41,3999,0.01073,0.01073
up_proj,4287,42,20606,-0.01066,0.01066
up_proj,4287,43,13702,-0.01053,0.01053
up_proj,4287,44,10153,-0.01049,0.01049
up_proj,4287,45,20017,-0.01039,0.01039
up_proj,4287,46,18687,0.01032,0.01032
up_proj,4287,47,1994,-0.01023,0.01023
up_proj,4287,48,3081,0.01012,0.01012
up_proj,4287,49,9474,-0.01,0.01
up_proj,4287,50,12264,-0.00991,0.00991
up_proj,12898,1,11031,-0.03961,0.03961
up_proj,12898,2,24399,0.03643,0.03643
up_proj,12898,3,16858,0.0358,0.0358
up_proj,12898,4,3999,-0.03457,0.03457
up_proj,12898,5,3194,-0.03353,0.03353
up_proj,12898,6,9806,-0.03286,0.03286
up_proj,12898,7,13608,0.0308,0.0308
up_proj,12898,8,943,-0.02769,0.02769
up_proj,12898,9,7510,0.02748,0.02748
up_proj,12898,10,12675,0.02649,0.02649
up_proj,12898,11,5203,0.02564,0.02564
up_proj,12898,12,15685,-0.02563,0.02563
up_proj,12898,13,20606,0.02536,0.02536
up_proj,12898,14,16972,0.02489,0.02489
up_proj,12898,15,7396,0.02365,0.02365
up_proj,12898,16,20017,0.02226,0.02226
up_proj,12898,17,18190,-0.02221,0.02221
up_proj,12898,18,8203,-0.02196,0.02196
up_proj,12898,19,19051,0.02098,0.02098
up_proj,12898,20,7976,0.02028,0.02028
up_proj,12898,21,729,0.01998,0.01998
up_proj,12898,22,4268,-0.01997,0.01997
up_proj,12898,23,13296,-0.01907,0.01907
up_proj,12898,24,9881,0.01828,0.01828
up_proj,12898,25,4855,0.01732,0.01732
up_proj,12898,26,18570,0.01731,0.01731
up_proj,12898,27,2871,-0.01677,0.01677
up_proj,12898,28,794,0.01605,0.01605
up_proj,12898,29,1807,-0.01585,0.01585
up_proj,12898,30,3654,0.01567,0.01567
up_proj,12898,31,3671,0.01506,0.01506
up_proj,12898,32,23073,-0.01475,0.01475
up_proj,12898,33,1769,0.0146,0.0146
up_proj,12898,34,14295,0.0142,0.0142
up_proj,12898,35,21180,0.01393,0.01393
up_proj,12898,36,15375,0.01386,0.01386
up_proj,12898,37,862,0.01352,0.01352
up_proj,12898,38,19921,0.01298,0.01298
up_proj,12898,39,2810,0.01289,0.01289
up_proj,12898,40,9660,0.01277,0.01277
up_proj,12898,41,11127,0.01275,0.01275
up_proj,12898,42,8854,0.0127,0.0127
up_proj,12898,43,11468,0.0127,0.0127
up_proj,12898,44,536,0.01266,0.01266
up_proj,12898,45,15163,0.0126,0.0126
up_proj,12898,46,22607,0.01253,0.01253
up_proj,12898,47,5237,0.01238,0.01238
up_proj,12898,48,5922,-0.01229,0.01229
up_proj,12898,49,9916,-0.01228,0.01228
up_proj,12898,50,18894,0.01224,0.01224
up_proj,13598,1,14571,-0.0483,0.0483
up_proj,13598,2,21693,-0.03216,0.03216
up_proj,13598,3,3905,0.0317,0.0317
up_proj,13598,4,17809,0.03037,0.03037
up_proj,13598,5,10149,0.02906,0.02906
up_proj,13598,6,20606,-0.02737,0.02737
up_proj,13598,7,19323,-0.02641,0.02641
up_proj,13598,8,12572,0.02595,0.02595
up_proj,13598,9,7305,-0.02299,0.02299
up_proj,13598,10,16858,0.02155,0.02155
up_proj,13598,11,14029,-0.02064,0.02064
up_proj,13598,12,7963,0.02054,0.02054
up_proj,13598,13,13608,0.02038,0.02038
up_proj,13598,14,6530,-0.0203,0.0203
up_proj,13598,15,19358,0.02003,0.02003
up_proj,13598,16,108,0.01973,0.01973
up_proj,13598,17,13296,-0.01969,0.01969
up_proj,13598,18,3999,0.0196,0.0196
up_proj,13598,19,17251,0.01952,0.01952
up_proj,13598,20,18734,0.01941,0.01941
up_proj,13598,21,22273,-0.0189,0.0189
up_proj,13598,22,3194,0.01835,0.01835
up_proj,13598,23,17861,0.01825,0.01825
up_proj,13598,24,3608,-0.01822,0.01822
up_proj,13598,25,19998,-0.01788,0.01788
up_proj,13598,26,5772,0.01769,0.01769
up_proj,13598,27,11760,-0.01746,0.01746
up_proj,13598,28,6545,-0.01735,0.01735
up_proj,13598,29,4801,0.01717,0.01717
up_proj,13598,30,8016,-0.01712,0.01712
up_proj,13598,31,10394,0.01693,0.01693
up_proj,13598,32,23563,-0.01683,0.01683
up_proj,13598,33,7072,-0.01668,0.01668
up_proj,13598,34,19986,-0.01656,0.01656
up_proj,13598,35,9163,0.0163,0.0163
up_proj,13598,36,16496,-0.01594,0.01594
up_proj,13598,37,8877,0.01559,0.01559
up_proj,13598,38,23108,0.01538,0.01538
up_proj,13598,39,3012,-0.01532,0.01532
up_proj,13598,40,3711,0.01531,0.01531
up_proj,13598,41,14257,0.0151,0.0151
up_proj,13598,42,13172,0.01508,0.01508
up_proj,13598,43,2021,-0.01505,0.01505
up_proj,13598,44,9398,-0.01504,0.01504
up_proj,13598,45,20426,-0.01504,0.01504
up_proj,13598,46,18863,-0.01499,0.01499
up_proj,13598,47,22232,-0.01491,0.01491
up_proj,13598,48,8679,0.01481,0.01481
up_proj,13598,49,13702,0.01471,0.01471
up_proj,13598,50,8836,-0.01464,0.01464
down_proj,8791,1,9361,-0.04276,0.04276
down_proj,8791,2,18753,-0.04258,0.04258
down_proj,8791,3,1887,0.03983,0.03983
down_proj,8791,4,7595,-0.03794,0.03794
down_proj,8791,5,5666,-0.03693,0.03693
down_proj,8791,6,3420,-0.03463,0.03463
down_proj,8791,7,9515,0.03335,0.03335
down_proj,8791,8,24127,0.03319,0.03319
down_proj,8791,9,19370,0.0327,0.0327
down_proj,8791,10,4017,0.03236,0.03236
down_proj,8791,11,14096,-0.03226,0.03226
down_proj,8791,12,4069,0.03211,0.03211
down_proj,8791,13,9770,0.03142,0.03142
down_proj,8791,14,5777,0.03073,0.03073
down_proj,8791,15,4851,0.03063,0.03063
down_proj,8791,16,410,-0.02932,0.02932
down_proj,8791,17,15741,-0.029,0.029
down_proj,8791,18,3280,0.02856,0.02856
down_proj,8791,19,23899,-0.0281,0.0281
down_proj,8791,20,11663,0.02796,0.02796
down_proj,8791,21,7826,0.0274,0.0274
down_proj,8791,22,15225,-0.02705,0.02705
down_proj,8791,23,24322,0.0267,0.0267
down_proj,8791,24,21045,0.02618,0.02618
down_proj,8791,25,9100,-0.02563,0.02563
down_proj,8791,26,20236,0.0256,0.0256
down_proj,8791,27,14621,0.02558,0.02558
down_proj,8791,28,21026,-0.02465,0.02465
down_proj,8791,29,1550,-0.02448,0.02448
down_proj,8791,30,12908,-0.02425,0.02425
down_proj,8791,31,16104,0.02412,0.02412
down_proj,8791,32,4687,0.02373,0.02373
down_proj,8791,33,19416,-0.02306,0.02306
down_proj,8791,34,15241,0.02293,0.02293
down_proj,8791,35,13132,0.02223,0.02223
down_proj,8791,36,102,0.02214,0.02214
down_proj,8791,37,12729,-0.02211,0.02211
down_proj,8791,38,10036,-0.02206,0.02206
down_proj,8791,39,20971,-0.02176,0.02176
down_proj,8791,40,17436,-0.02159,0.02159
down_proj,8791,41,148,-0.02029,0.02029
down_proj,8791,42,16017,-0.02001,0.02001
down_proj,8791,43,5690,0.01998,0.01998
down_proj,8791,44,22036,0.01989,0.01989
down_proj,8791,45,2229,0.01926,0.01926
down_proj,8791,46,5946,-0.01925,0.01925
down_proj,8791,47,5392,-0.01919,0.01919
down_proj,8791,48,23590,0.0191,0.0191
down_proj,8791,49,8375,0.01868,0.01868
down_proj,8791,50,19897,0.01864,0.01864
down_proj,11651,1,1887,-0.0487,0.0487
down_proj,11651,2,20236,-0.03899,0.03899
down_proj,11651,3,18753,0.03797,0.03797
down_proj,11651,4,5946,0.03707,0.03707
down_proj,11651,5,22036,-0.0368,0.0368
down_proj,11651,6,5666,0.03489,0.03489
down_proj,11651,7,20971,0.03229,0.03229
down_proj,11651,8,19929,0.03202,0.03202
down_proj,11651,9,5348,0.03124,0.03124
down_proj,11651,10,4796,-0.03032,0.03032
down_proj,11651,11,24127,-0.03022,0.03022
down_proj,11651,12,15777,0.02977,0.02977
down_proj,11651,13,3794,-0.02948,0.02948
down_proj,11651,14,4069,-0.02919,0.02919
down_proj,11651,15,8754,-0.02899,0.02899
down_proj,11651,16,24414,0.02876,0.02876
down_proj,11651,17,19370,-0.02754,0.02754
down_proj,11651,18,102,-0.02716,0.02716
down_proj,11651,19,1660,0.02692,0.02692
down_proj,11651,20,9770,0.02645,0.02645
down_proj,11651,21,13132,-0.02621,0.02621
down_proj,11651,22,5658,0.026,0.026
down_proj,11651,23,14934,-0.02575,0.02575
down_proj,11651,24,24102,-0.0257,0.0257
down_proj,11651,25,5641,-0.02564,0.02564
down_proj,11651,26,12701,-0.0254,0.0254
down_proj,11651,27,24325,-0.0253,0.0253
down_proj,11651,28,18329,-0.02522,0.02522
down_proj,11651,29,11354,0.02423,0.02423
down_proj,11651,30,7595,0.0239,0.0239
down_proj,11651,31,6531,0.02299,0.02299
down_proj,11651,32,4402,0.0224,0.0224
down_proj,11651,33,2229,-0.02213,0.02213
down_proj,11651,34,21052,-0.02207,0.02207
down_proj,11651,35,18606,0.02204,0.02204
down_proj,11651,36,1550,0.02201,0.02201
down_proj,11651,37,14096,0.02199,0.02199
down_proj,11651,38,410,0.02174,0.02174
down_proj,11651,39,9111,0.02149,0.02149
down_proj,11651,40,9361,0.02146,0.02146
down_proj,11651,41,4687,-0.02123,0.02123
down_proj,11651,42,24237,-0.02102,0.02102
down_proj,11651,43,7826,-0.02095,0.02095
down_proj,11651,44,21026,0.02056,0.02056
down_proj,11651,45,15388,-0.02032,0.02032
down_proj,11651,46,10441,0.0202,0.0202
down_proj,11651,47,14167,0.02015,0.02015
down_proj,11651,48,10401,0.02008,0.02008
down_proj,11651,49,9100,0.02,0.02
down_proj,11651,50,21619,0.01961,0.01961
down_proj,12527,1,14096,-0.04655,0.04655
down_proj,12527,2,24322,0.03242,0.03242
down_proj,12527,3,9523,0.03227,0.03227
down_proj,12527,4,4851,0.02829,0.02829
down_proj,12527,5,11947,-0.02739,0.02739
down_proj,12527,6,7595,-0.02714,0.02714
down_proj,12527,7,5392,-0.02641,0.02641
down_proj,12527,8,21026,-0.02534,0.02534
down_proj,12527,9,14621,0.02476,0.02476
down_proj,12527,10,10036,-0.02467,0.02467
down_proj,12527,11,18753,-0.02373,0.02373
down_proj,12527,12,6598,-0.02256,0.02256
down_proj,12527,13,1887,0.02249,0.02249
down_proj,12527,14,5946,-0.02221,0.02221
down_proj,12527,15,5777,0.02194,0.02194
down_proj,12527,16,23590,0.02183,0.02183
down_proj,12527,17,14795,0.02155,0.02155
down_proj,12527,18,14730,0.02138,0.02138
down_proj,12527,19,13490,0.02098,0.02098
down_proj,12527,20,16939,0.02084,0.02084
down_proj,12527,21,16017,-0.02029,0.02029
down_proj,12527,22,7826,0.02024,0.02024
down_proj,12527,23,6342,-0.01981,0.01981
down_proj,12527,24,9654,0.01967,0.01967
down_proj,12527,25,102,0.01872,0.01872
down_proj,12527,26,11301,0.0187,0.0187
down_proj,12527,27,9811,-0.01861,0.01861
down_proj,12527,28,17303,-0.01804,0.01804
down_proj,12527,29,9361,-0.0173,0.0173
down_proj,12527,30,17633,0.01727,0.01727
down_proj,12527,31,15241,0.01722,0.01722
down_proj,12527,32,12940,-0.01719,0.01719
down_proj,12527,33,4673,-0.01712,0.01712
down_proj,12527,34,9100,0.01707,0.01707
down_proj,12527,35,1284,0.01704,0.01704
down_proj,12527,36,10581,0.017,0.017
down_proj,12527,37,22745,-0.01695,0.01695
down_proj,12527,38,10274,0.01692,0.01692
down_proj,12527,39,4509,0.01678,0.01678
down_proj,12527,40,4017,0.01666,0.01666
down_proj,12527,41,6203,0.01604,0.01604
down_proj,12527,42,6266,-0.01602,0.01602
down_proj,12527,43,19476,-0.01602,0.01602
down_proj,12527,44,1550,0.01598,0.01598
down_proj,12527,45,10343,0.0159,0.0159
down_proj,12527,46,15082,0.01587,0.01587
down_proj,12527,47,6531,-0.01562,0.01562
down_proj,12527,48,14934,0.01555,0.01555
down_proj,12527,49,16960,-0.01537,0.01537
down_proj,12527,50,5690,0.01532,0.01532
down_proj,391,1,20236,-0.05734,0.05734
down_proj,391,2,9100,0.05357,0.05357
down_proj,391,3,12940,-0.04723,0.04723
down_proj,391,4,9523,0.04431,0.04431
down_proj,391,5,5658,0.04261,0.04261
down_proj,391,6,1550,0.04162,0.04162
down_proj,391,7,16939,0.04101,0.04101
down_proj,391,8,5641,-0.04057,0.04057
down_proj,391,9,5666,0.03953,0.03953
down_proj,391,10,1887,-0.03767,0.03767
down_proj,391,11,17633,0.03636,0.03636
down_proj,391,12,6651,0.03613,0.03613
down_proj,391,13,4069,-0.03561,0.03561
down_proj,391,14,24325,-0.03459,0.03459
down_proj,391,15,19929,0.03416,0.03416
down_proj,391,16,410,0.03378,0.03378
down_proj,391,17,24322,0.03331,0.03331
down_proj,391,18,24414,0.03319,0.03319
down_proj,391,19,3420,0.03278,0.03278
down_proj,391,20,13132,-0.03271,0.03271
down_proj,391,21,15777,0.0326,0.0326
down_proj,391,22,1660,0.03186,0.03186
down_proj,391,23,4687,-0.03144,0.03144
down_proj,391,24,8754,-0.0312,0.0312
down_proj,391,25,11470,-0.03105,0.03105
down_proj,391,26,8939,-0.03083,0.03083
down_proj,391,27,5946,0.03074,0.03074
down_proj,391,28,14795,0.02984,0.02984
down_proj,391,29,22783,-0.02946,0.02946
down_proj,391,30,19370,-0.02914,0.02914
down_proj,391,31,11947,-0.02875,0.02875
down_proj,391,32,12701,-0.02869,0.02869
down_proj,391,33,18678,-0.02862,0.02862
down_proj,391,34,18753,0.02861,0.02861
down_proj,391,35,11354,0.02849,0.02849
down_proj,391,36,2427,0.02782,0.02782
down_proj,391,37,20971,0.02738,0.02738
down_proj,391,38,10194,0.02733,0.02733
down_proj,391,39,3676,0.02717,0.02717
down_proj,391,40,6598,-0.02706,0.02706
down_proj,391,41,22036,-0.02696,0.02696
down_proj,391,42,23899,0.02688,0.02688
down_proj,391,43,5397,0.02643,0.02643
down_proj,391,44,148,0.0264,0.0264
down_proj,391,45,6342,-0.02627,0.02627
down_proj,391,46,24102,-0.0258,0.0258
down_proj,391,47,4402,0.02535,0.02535
down_proj,391,48,13248,0.02515,0.02515
down_proj,391,49,21619,0.02498,0.02498
down_proj,391,50,9118,-0.02471,0.02471
down_proj,2405,1,14730,0.06703,0.06703
down_proj,2405,2,24102,0.06129,0.06129
down_proj,2405,3,14167,-0.05935,0.05935
down_proj,2405,4,8948,-0.05813,0.05813
down_proj,2405,5,18329,0.05633,0.05633
down_proj,2405,6,961,0.05455,0.05455
down_proj,2405,7,7474,-0.05384,0.05384
down_proj,2405,8,11354,0.04927,0.04927
down_proj,2405,9,5777,-0.04853,0.04853
down_proj,2405,10,18606,-0.04663,0.04663
down_proj,2405,11,12312,0.04662,0.04662
down_proj,2405,12,4851,-0.04655,0.04655
down_proj,2405,13,5946,0.04569,0.04569
down_proj,2405,14,3802,0.04449,0.04449
down_proj,2405,15,11143,0.04431,0.04431
down_proj,2405,16,14934,-0.04124,0.04124
down_proj,2405,17,15741,-0.04038,0.04038
down_proj,2405,18,14550,-0.04034,0.04034
down_proj,2405,19,18429,-0.04011,0.04011
down_proj,2405,20,15241,0.03955,0.03955
down_proj,2405,21,14621,0.03897,0.03897
down_proj,2405,22,14806,0.03844,0.03844
down_proj,2405,23,13208,-0.03839,0.03839
down_proj,2405,24,17255,0.03592,0.03592
down_proj,2405,25,10036,0.03583,0.03583
down_proj,2405,26,12940,0.03457,0.03457
down_proj,2405,27,19265,0.03265,0.03265
down_proj,2405,28,21045,-0.03088,0.03088
down_proj,2405,29,102,0.03035,0.03035
down_proj,2405,30,9770,0.03017,0.03017
down_proj,2405,31,2488,-0.0296,0.0296
down_proj,2405,32,4368,0.02933,0.02933
down_proj,2405,33,23630,0.02878,0.02878
down_proj,2405,34,6651,-0.02853,0.02853
down_proj,2405,35,7826,-0.02822,0.02822
down_proj,2405,36,22036,0.02816,0.02816
down_proj,2405,37,410,-0.02739,0.02739
down_proj,2405,38,18678,-0.02738,0.02738
down_proj,2405,39,10441,0.02629,0.02629
down_proj,2405,40,2427,0.0262,0.0262
down_proj,2405,41,9829,-0.02614,0.02614
down_proj,2405,42,9111,0.02602,0.02602
down_proj,2405,43,1178,-0.02524,0.02524
down_proj,2405,44,23335,-0.02475,0.02475
down_proj,2405,45,4154,0.02452,0.02452
down_proj,2405,46,17390,0.02348,0.02348
down_proj,2405,47,12581,0.02342,0.02342
down_proj,2405,48,24570,0.02321,0.02321
down_proj,2405,49,12953,-0.02314,0.02314
down_proj,2405,50,6752,0.02283,0.02283
down_proj,11942,1,18329,-0.06544,0.06544
down_proj,11942,2,24102,-0.05759,0.05759
down_proj,11942,3,14167,0.05707,0.05707
down_proj,11942,4,3802,-0.05637,0.05637
down_proj,11942,5,14730,-0.0555,0.0555
down_proj,11942,6,7474,0.05056,0.05056
down_proj,11942,7,5777,0.05004,0.05004
down_proj,11942,8,5946,-0.04761,0.04761
down_proj,11942,9,4851,0.04692,0.04692
down_proj,11942,10,8948,0.04413,0.04413
down_proj,11942,11,11143,-0.03997,0.03997
down_proj,11942,12,961,-0.03895,0.03895
down_proj,11942,13,18606,0.0365,0.0365
down_proj,11942,14,15241,-0.03637,0.03637
down_proj,11942,15,11354,-0.03557,0.03557
down_proj,11942,16,18429,0.03327,0.03327
down_proj,11942,17,14934,0.0318,0.0318
down_proj,11942,18,102,-0.03175,0.03175
down_proj,11942,19,1178,0.03146,0.03146
down_proj,11942,20,14550,0.0314,0.0314
down_proj,11942,21,13208,0.03128,0.03128
down_proj,11942,22,16914,0.03045,0.03045
down_proj,11942,23,12940,-0.03034,0.03034
down_proj,11942,24,17255,-0.02982,0.02982
down_proj,11942,25,4796,-0.02947,0.02947
down_proj,11942,26,2488,0.02899,0.02899
down_proj,11942,27,19038,-0.02766,0.02766
down_proj,11942,28,6342,0.02749,0.02749
down_proj,11942,29,14621,-0.0266,0.0266
down_proj,11942,30,7826,0.02642,0.02642
down_proj,11942,31,21045,0.02631,0.02631
down_proj,11942,32,9100,-0.02606,0.02606
down_proj,11942,33,9111,-0.02577,0.02577
down_proj,11942,34,4017,-0.02538,0.02538
down_proj,11942,35,10441,-0.02534,0.02534
down_proj,11942,36,17390,-0.02526,0.02526
down_proj,11942,37,6651,0.02473,0.02473
down_proj,11942,38,20401,-0.02468,0.02468
down_proj,11942,39,19675,-0.02442,0.02442
down_proj,11942,40,13132,0.02417,0.02417
down_proj,11942,41,2229,0.02399,0.02399
down_proj,11942,42,10036,-0.02392,0.02392
down_proj,11942,43,13502,0.02389,0.02389
down_proj,11942,44,5658,0.02285,0.02285
down_proj,11942,45,6969,0.02281,0.02281
down_proj,11942,46,5666,-0.02259,0.02259
down_proj,11942,47,12312,-0.02239,0.02239
down_proj,11942,48,19265,-0.02118,0.02118
down_proj,11942,49,14806,-0.0209,0.0209
down_proj,11942,50,5397,0.02089,0.02089
down_proj,4549,1,7474,-0.06236,0.06236
down_proj,4549,2,15225,-0.06044,0.06044
down_proj,4549,3,14201,-0.05768,0.05768
down_proj,4549,4,8948,-0.05581,0.05581
down_proj,4549,5,21045,-0.05557,0.05557
down_proj,4549,6,23590,0.05526,0.05526
down_proj,4549,7,6651,-0.05319,0.05319
down_proj,4549,8,11143,0.05088,0.05088
down_proj,4549,9,16939,0.04992,0.04992
down_proj,4549,10,4851,-0.04922,0.04922
down_proj,4549,11,12312,0.04627,0.04627
down_proj,4549,12,19265,0.0457,0.0457
down_proj,4549,13,410,-0.04487,0.04487
down_proj,4549,14,14934,-0.04407,0.04407
down_proj,4549,15,14806,0.04356,0.04356
down_proj,4549,16,14550,-0.04353,0.04353
down_proj,4549,17,4368,-0.04236,0.04236
down_proj,4549,18,3368,-0.04154,0.04154
down_proj,4549,19,18606,-0.03882,0.03882
down_proj,4549,20,12940,0.03829,0.03829
down_proj,4549,21,11301,0.03778,0.03778
down_proj,4549,22,24322,-0.03754,0.03754
down_proj,4549,23,10404,-0.0373,0.0373
down_proj,4549,24,2488,-0.0344,0.0344
down_proj,4549,25,10036,0.0339,0.0339
down_proj,4549,26,3280,-0.03377,0.03377
down_proj,4549,27,13208,-0.03151,0.03151
down_proj,4549,28,5658,0.03136,0.03136
down_proj,4549,29,3052,0.03073,0.03073
down_proj,4549,30,5392,-0.02921,0.02921
down_proj,4549,31,9770,0.02901,0.02901
down_proj,4549,32,17255,0.02876,0.02876
down_proj,4549,33,2320,-0.0283,0.0283
down_proj,4549,34,9118,0.02816,0.02816
down_proj,4549,35,22082,0.02814,0.02814
down_proj,4549,36,12953,-0.02787,0.02787
down_proj,4549,37,9111,0.0274,0.0274
down_proj,4549,38,14096,-0.02726,0.02726
down_proj,4549,39,4538,0.02598,0.02598
down_proj,4549,40,9543,0.02563,0.02563
down_proj,4549,41,5641,0.0251,0.0251
down_proj,4549,42,9618,-0.02495,0.02495
down_proj,4549,43,10492,-0.02483,0.02483
down_proj,4549,44,21052,0.02424,0.02424
down_proj,4549,45,10143,0.02416,0.02416
down_proj,4549,46,5777,-0.02406,0.02406
down_proj,4549,47,22036,0.02401,0.02401
down_proj,4549,48,4154,0.02396,0.02396
down_proj,4549,49,18206,0.02381,0.02381
down_proj,4549,50,12729,0.02329,0.02329
down_proj,2923,1,11143,-0.06187,0.06187
down_proj,2923,2,8948,0.0521,0.0521
down_proj,2923,3,16939,-0.05087,0.05087
down_proj,2923,4,23590,-0.04884,0.04884
down_proj,2923,5,14201,0.04599,0.04599
down_proj,2923,6,21045,0.04399,0.04399
down_proj,2923,7,4368,0.04354,0.04354
down_proj,2923,8,15225,0.04347,0.04347
down_proj,2923,9,5658,-0.04022,0.04022
down_proj,2923,10,24322,0.0386,0.0386
down_proj,2923,11,6651,0.03826,0.03826
down_proj,2923,12,12940,-0.03798,0.03798
down_proj,2923,13,22783,-0.0378,0.0378
down_proj,2923,14,12312,-0.03721,0.03721
down_proj,2923,15,3280,0.03704,0.03704
down_proj,2923,16,14550,0.03601,0.03601
down_proj,2923,17,7474,0.03546,0.03546
down_proj,2923,18,14934,0.0353,0.0353
down_proj,2923,19,410,0.03482,0.03482
down_proj,2923,20,19265,-0.03353,0.03353
down_proj,2923,21,4851,0.03342,0.03342
down_proj,2923,22,3368,0.03255,0.03255
down_proj,2923,23,10404,0.03199,0.03199
down_proj,2923,24,14806,-0.02902,0.02902
down_proj,2923,25,3052,-0.02895,0.02895
down_proj,2923,26,18606,0.02888,0.02888
down_proj,2923,27,11301,-0.02795,0.02795
down_proj,2923,28,6252,-0.02776,0.02776
down_proj,2923,29,2488,0.02694,0.02694
down_proj,2923,30,17255,-0.02672,0.02672
down_proj,2923,31,14096,0.02613,0.02613
down_proj,2923,32,10036,-0.02588,0.02588
down_proj,2923,33,5392,0.02572,0.02572
down_proj,2923,34,13208,0.02491,0.02491
down_proj,2923,35,6342,0.02472,0.02472
down_proj,2923,36,2320,0.02462,0.02462
down_proj,2923,37,9111,-0.02448,0.02448
down_proj,2923,38,9731,0.02414,0.02414
down_proj,2923,39,18429,0.02359,0.02359
down_proj,2923,40,10129,0.02337,0.02337
down_proj,2923,41,4538,-0.02305,0.02305
down_proj,2923,42,2427,0.02267,0.02267
down_proj,2923,43,5777,0.02241,0.02241
down_proj,2923,44,6988,-0.02206,0.02206
down_proj,2923,45,102,-0.02196,0.02196
down_proj,2923,46,5690,-0.02178,0.02178
down_proj,2923,47,19038,-0.02176,0.02176
down_proj,2923,48,1737,0.02157,0.02157
down_proj,2923,49,17519,-0.02128,0.02128
down_proj,2923,50,10492,0.02116,0.02116
down_proj,14013,1,4368,0.09498,0.09498
down_proj,14013,2,24322,0.08166,0.08166
down_proj,14013,3,24102,0.08024,0.08024
down_proj,14013,4,18329,0.07814,0.07814
down_proj,14013,5,14730,0.0759,0.0759
down_proj,14013,6,5658,-0.075,0.075
down_proj,14013,7,961,0.07286,0.07286
down_proj,14013,8,14167,-0.06434,0.06434
down_proj,14013,9,14201,0.06372,0.06372
down_proj,14013,10,23590,-0.05623,0.05623
down_proj,14013,11,3802,0.05524,0.05524
down_proj,14013,12,15225,0.05483,0.05483
down_proj,14013,13,16939,-0.05315,0.05315
down_proj,14013,14,14621,0.05279,0.05279
down_proj,14013,15,5946,0.05034,0.05034
down_proj,14013,16,3052,-0.04697,0.04697
down_proj,14013,17,8210,-0.0464,0.0464
down_proj,14013,18,3280,0.04342,0.04342
down_proj,14013,19,23630,0.04302,0.04302
down_proj,14013,20,14795,-0.04273,0.04273
down_proj,14013,21,15241,0.04207,0.04207
down_proj,14013,22,3368,0.04124,0.04124
down_proj,14013,23,9118,-0.04055,0.04055
down_proj,14013,24,10404,0.03998,0.03998
down_proj,14013,25,6252,-0.03911,0.03911
down_proj,14013,26,2427,0.03847,0.03847
down_proj,14013,27,11354,0.03694,0.03694
down_proj,14013,28,5777,-0.03669,0.03669
down_proj,14013,29,17745,-0.03654,0.03654
down_proj,14013,30,9523,-0.03554,0.03554
down_proj,14013,31,21052,-0.03402,0.03402
down_proj,14013,32,15740,-0.03374,0.03374
down_proj,14013,33,17390,0.03303,0.03303
down_proj,14013,34,11301,-0.03275,0.03275
down_proj,14013,35,5690,-0.03251,0.03251
down_proj,14013,36,9515,0.03194,0.03194
down_proj,14013,37,3174,-0.03173,0.03173
down_proj,14013,38,4793,0.03088,0.03088
down_proj,14013,39,17661,0.03008,0.03008
down_proj,14013,40,11143,-0.02974,0.02974
down_proj,14013,41,1178,-0.02969,0.02969
down_proj,14013,42,5397,-0.0279,0.0279
down_proj,14013,43,22082,-0.02746,0.02746
down_proj,14013,44,12729,-0.02714,0.02714
down_proj,14013,45,1284,0.02704,0.02704
down_proj,14013,46,10492,0.02684,0.02684
down_proj,14013,47,15777,0.02589,0.02589
down_proj,14013,48,338,0.02546,0.02546
down_proj,14013,49,6988,-0.02534,0.02534
down_proj,14013,50,5641,-0.02505,0.02505
down_proj,13662,1,10852,-0.08891,0.08891
down_proj,13662,2,14905,0.05428,0.05428
down_proj,13662,3,18693,-0.04975,0.04975
down_proj,13662,4,18083,0.04465,0.04465
down_proj,13662,5,17910,-0.04229,0.04229
down_proj,13662,6,9829,0.0416,0.0416
down_proj,13662,7,2346,-0.0374,0.0374
down_proj,13662,8,19510,-0.03693,0.03693
down_proj,13662,9,9075,0.03674,0.03674
down_proj,13662,10,13072,-0.03616,0.03616
down_proj,13662,11,19530,-0.0355,0.0355
down_proj,13662,12,23807,-0.03529,0.03529
down_proj,13662,13,3343,-0.03469,0.03469
down_proj,13662,14,23335,-0.03314,0.03314
down_proj,13662,15,458,0.0331,0.0331
down_proj,13662,16,17529,0.03217,0.03217
down_proj,13662,17,8996,0.03093,0.03093
down_proj,13662,18,2112,-0.02929,0.02929
down_proj,13662,19,5932,-0.02872,0.02872
down_proj,13662,20,20070,0.02639,0.02639
down_proj,13662,21,8916,0.02417,0.02417
down_proj,13662,22,19289,0.02393,0.02393
down_proj,13662,23,5652,0.02391,0.02391
down_proj,13662,24,14155,0.0212,0.0212
down_proj,13662,25,15240,0.02116,0.02116
down_proj,13662,26,14156,-0.02061,0.02061
down_proj,13662,27,20661,-0.02015,0.02015
down_proj,13662,28,2488,-0.01997,0.01997
down_proj,13662,29,1109,0.01972,0.01972
down_proj,13662,30,1481,-0.01958,0.01958
down_proj,13662,31,11821,-0.01891,0.01891
down_proj,13662,32,9458,-0.01848,0.01848
down_proj,13662,33,19799,0.01833,0.01833
down_proj,13662,34,338,-0.01822,0.01822
down_proj,13662,35,5392,-0.0181,0.0181
down_proj,13662,36,21291,-0.01803,0.01803
down_proj,13662,37,7155,-0.01788,0.01788
down_proj,13662,38,390,0.01745,0.01745
down_proj,13662,39,5658,0.01738,0.01738
down_proj,13662,40,10343,0.01717,0.01717
down_proj,13662,41,4237,0.01711,0.01711
down_proj,13662,42,2614,0.01695,0.01695
down_proj,13662,43,16060,0.01684,0.01684
down_proj,13662,44,3802,-0.01676,0.01676
down_proj,13662,45,21241,-0.01654,0.01654
down_proj,13662,46,4851,-0.01644,0.01644
down_proj,13662,47,15172,0.01643,0.01643
down_proj,13662,48,11208,0.01631,0.01631
down_proj,13662,49,962,0.01629,0.01629
down_proj,13662,50,21045,0.0161,0.0161
down_proj,6230,1,6969,-0.0233,0.0233
down_proj,6230,2,11715,0.02137,0.02137
down_proj,6230,3,6266,-0.02026,0.02026
down_proj,6230,4,5392,0.0201,0.0201
down_proj,6230,5,4792,-0.01998,0.01998
down_proj,6230,6,2264,-0.01778,0.01778
down_proj,6230,7,21930,0.0164,0.0164
down_proj,6230,8,7780,0.01615,0.01615
down_proj,6230,9,24302,0.01544,0.01544
down_proj,6230,10,22793,0.01511,0.01511
down_proj,6230,11,14621,0.01487,0.01487
down_proj,6230,12,11006,-0.01481,0.01481
down_proj,6230,13,15946,0.0146,0.0146
down_proj,6230,14,11893,0.01456,0.01456
down_proj,6230,15,961,0.01451,0.01451
down_proj,6230,16,19799,-0.01423,0.01423
down_proj,6230,17,4237,0.01388,0.01388
down_proj,6230,18,1083,-0.01374,0.01374
down_proj,6230,19,14309,0.0136,0.0136
down_proj,6230,20,8829,-0.01358,0.01358
down_proj,6230,21,8210,0.01353,0.01353
down_proj,6230,22,23590,0.01347,0.01347
down_proj,6230,23,12901,0.01325,0.01325
down_proj,6230,24,9100,-0.01317,0.01317
down_proj,6230,25,17429,-0.01311,0.01311
down_proj,6230,26,9543,0.01305,0.01305
down_proj,6230,27,14041,-0.01301,0.01301
down_proj,6230,28,4478,0.01295,0.01295
down_proj,6230,29,5093,0.01277,0.01277
down_proj,6230,30,925,0.01277,0.01277
down_proj,6230,31,5666,-0.01277,0.01277
down_proj,6230,32,10826,0.01265,0.01265
down_proj,6230,33,13250,0.01262,0.01262
down_proj,6230,34,21392,-0.01259,0.01259
down_proj,6230,35,5658,-0.01256,0.01256
down_proj,6230,36,2159,-0.01239,0.01239
down_proj,6230,37,1550,-0.01235,0.01235
down_proj,6230,38,21291,0.01223,0.01223
down_proj,6230,39,4706,0.01221,0.01221
down_proj,6230,40,13948,-0.01209,0.01209
down_proj,6230,41,20375,0.01204,0.01204
down_proj,6230,42,12418,-0.01198,0.01198
down_proj,6230,43,11418,0.01198,0.01198
down_proj,6230,44,10575,-0.01192,0.01192
down_proj,6230,45,2404,-0.01182,0.01182
down_proj,6230,46,10343,0.01179,0.01179
down_proj,6230,47,5612,0.01174,0.01174
down_proj,6230,48,6165,-0.01174,0.01174
down_proj,6230,49,14047,-0.01169,0.01169
down_proj,6230,50,1160,-0.01164,0.01164
down_proj,10722,1,793,-0.03201,0.03201
down_proj,10722,2,8023,-0.029,0.029
down_proj,10722,3,24302,-0.02244,0.02244
down_proj,10722,4,21052,0.02139,0.02139
down_proj,10722,5,8984,0.02038,0.02038
down_proj,10722,6,19510,-0.0202,0.0202
down_proj,10722,7,9190,0.01942,0.01942
down_proj,10722,8,23311,0.01877,0.01877
down_proj,10722,9,17955,0.0183,0.0183
down_proj,10722,10,8668,0.01785,0.01785
down_proj,10722,11,7368,-0.01781,0.01781
down_proj,10722,12,16395,0.01704,0.01704
down_proj,10722,13,10989,0.01671,0.01671
down_proj,10722,14,4901,0.01654,0.01654
down_proj,10722,15,6969,-0.01643,0.01643
down_proj,10722,16,19534,-0.01636,0.01636
down_proj,10722,17,9770,-0.01574,0.01574
down_proj,10722,18,17235,-0.01524,0.01524
down_proj,10722,19,961,-0.01473,0.01473
down_proj,10722,20,9286,-0.01446,0.01446
down_proj,10722,21,9100,0.01446,0.01446
down_proj,10722,22,4378,-0.01404,0.01404
down_proj,10722,23,16192,0.01376,0.01376
down_proj,10722,24,4478,-0.01372,0.01372
down_proj,10722,25,14934,-0.01359,0.01359
down_proj,10722,26,23003,0.01355,0.01355
down_proj,10722,27,2112,-0.01339,0.01339
down_proj,10722,28,2427,-0.01336,0.01336
down_proj,10722,29,7540,-0.01289,0.01289
down_proj,10722,30,23975,0.01283,0.01283
down_proj,10722,31,12418,0.01274,0.01274
down_proj,10722,32,9523,0.01251,0.01251
down_proj,10722,33,24071,0.01244,0.01244
down_proj,10722,34,24103,0.01209,0.01209
down_proj,10722,35,1341,-0.01208,0.01208
down_proj,10722,36,10183,-0.01205,0.01205
down_proj,10722,37,1436,0.01194,0.01194
down_proj,10722,38,3743,0.01193,0.01193
down_proj,10722,39,16512,0.0117,0.0117
down_proj,10722,40,3014,-0.0116,0.0116
down_proj,10722,41,7536,0.01155,0.01155
down_proj,10722,42,3362,0.01146,0.01146
down_proj,10722,43,1737,0.01129,0.01129
down_proj,10722,44,11715,-0.01125,0.01125
down_proj,10722,45,18157,0.01117,0.01117
down_proj,10722,46,1178,-0.01113,0.01113
down_proj,10722,47,14913,0.01104,0.01104
down_proj,10722,48,15777,-0.01102,0.01102
down_proj,10722,49,19220,-0.011,0.011
down_proj,10722,50,21392,0.01098,0.01098
down_proj,4287,1,2346,0.03133,0.03133
down_proj,4287,2,18693,0.02192,0.02192
down_proj,4287,3,10013,0.02157,0.02157
down_proj,4287,4,1481,0.01862,0.01862
down_proj,4287,5,18606,-0.01803,0.01803
down_proj,4287,6,13072,0.01798,0.01798
down_proj,4287,7,5486,0.01775,0.01775
down_proj,4287,8,14156,0.01709,0.01709
down_proj,4287,9,17633,-0.01592,0.01592
down_proj,4287,10,23335,0.01521,0.01521
down_proj,4287,11,10008,0.01507,0.01507
down_proj,4287,12,15241,-0.01501,0.01501
down_proj,4287,13,14905,-0.01494,0.01494
down_proj,4287,14,3802,0.01487,0.01487
down_proj,4287,15,4237,0.01475,0.01475
down_proj,4287,16,18232,-0.01462,0.01462
down_proj,4287,17,11143,-0.01446,0.01446
down_proj,4287,18,22687,0.01428,0.01428
down_proj,4287,19,20972,-0.0142,0.0142
down_proj,4287,20,17235,0.01414,0.01414
down_proj,4287,21,20606,0.01367,0.01367
down_proj,4287,22,21413,-0.01361,0.01361
down_proj,4287,23,22703,0.01355,0.01355
down_proj,4287,24,9794,-0.01267,0.01267
down_proj,4287,25,23807,0.01235,0.01235
down_proj,4287,26,17910,0.01231,0.01231
down_proj,4287,27,4901,-0.01212,0.01212
down_proj,4287,28,16104,0.01211,0.01211
down_proj,4287,29,3598,-0.01207,0.01207
down_proj,4287,30,6402,0.01207,0.01207
down_proj,4287,31,18168,-0.01198,0.01198
down_proj,4287,32,21930,0.01193,0.01193
down_proj,4287,33,20644,-0.01186,0.01186
down_proj,4287,34,11715,-0.0117,0.0117
down_proj,4287,35,18269,-0.01169,0.01169
down_proj,4287,36,23771,-0.0116,0.0116
down_proj,4287,37,8996,-0.01156,0.01156
down_proj,4287,38,9197,0.01153,0.01153
down_proj,4287,39,16060,-0.01148,0.01148
down_proj,4287,40,3420,0.01139,0.01139
down_proj,4287,41,13818,0.01137,0.01137
down_proj,4287,42,2320,-0.01136,0.01136
down_proj,4287,43,22368,-0.01122,0.01122
down_proj,4287,44,12685,0.01113,0.01113
down_proj,4287,45,20469,-0.01109,0.01109
down_proj,4287,46,15741,-0.01101,0.01101
down_proj,4287,47,19789,-0.01099,0.01099
down_proj,4287,48,6952,0.01092,0.01092
down_proj,4287,49,15711,0.01086,0.01086
down_proj,4287,50,1284,0.01079,0.01079
down_proj,12898,1,12679,0.02666,0.02666
down_proj,12898,2,11132,0.02546,0.02546
down_proj,12898,3,13917,0.0249,0.0249
down_proj,12898,4,18711,0.02369,0.02369
down_proj,12898,5,8116,-0.02307,0.02307
down_proj,12898,6,5486,-0.02235,0.02235
down_proj,12898,7,23003,-0.02064,0.02064
down_proj,12898,8,11157,-0.01964,0.01964
down_proj,12898,9,24250,-0.01888,0.01888
down_proj,12898,10,14443,0.01872,0.01872
down_proj,12898,11,21619,0.01829,0.01829
down_proj,12898,12,8984,-0.01772,0.01772
down_proj,12898,13,3802,-0.01768,0.01768
down_proj,12898,14,4792,-0.01712,0.01712
down_proj,12898,15,9460,0.01695,0.01695
down_proj,12898,16,23335,-0.01644,0.01644
down_proj,12898,17,20554,-0.0164,0.0164
down_proj,12898,18,16512,0.0164,0.0164
down_proj,12898,19,1074,0.01634,0.01634
down_proj,12898,20,5833,0.01632,0.01632
down_proj,12898,21,17529,-0.01598,0.01598
down_proj,12898,22,7973,0.01595,0.01595
down_proj,12898,23,5093,-0.01577,0.01577
down_proj,12898,24,17955,0.01545,0.01545
down_proj,12898,25,2228,-0.01535,0.01535
down_proj,12898,26,12771,0.01527,0.01527
down_proj,12898,27,1109,0.01516,0.01516
down_proj,12898,28,9515,0.01509,0.01509
down_proj,12898,29,8478,-0.01504,0.01504
down_proj,12898,30,12546,-0.01418,0.01418
down_proj,12898,31,5687,0.01401,0.01401
down_proj,12898,32,15312,-0.01392,0.01392
down_proj,12898,33,14156,-0.01391,0.01391
down_proj,12898,34,19476,-0.01386,0.01386
down_proj,12898,35,9113,0.01373,0.01373
down_proj,12898,36,21052,-0.01358,0.01358
down_proj,12898,37,11006,0.0135,0.0135
down_proj,12898,38,23975,-0.01341,0.01341
down_proj,12898,39,3936,-0.01327,0.01327
down_proj,12898,40,6969,-0.01327,0.01327
down_proj,12898,41,3643,-0.01326,0.01326
down_proj,12898,42,19286,0.01301,0.01301
down_proj,12898,43,21133,-0.01294,0.01294
down_proj,12898,44,15061,0.0128,0.0128
down_proj,12898,45,14852,-0.01261,0.01261
down_proj,12898,46,266,-0.01225,0.01225
down_proj,12898,47,4713,-0.0122,0.0122
down_proj,12898,48,4687,0.0122,0.0122
down_proj,12898,49,5477,-0.01217,0.01217
down_proj,12898,50,19150,-0.01216,0.01216
down_proj,13598,1,10008,0.0597,0.0597
down_proj,13598,2,14443,-0.02741,0.02741
down_proj,13598,3,21133,-0.0253,0.0253
down_proj,13598,4,17235,0.02381,0.02381
down_proj,13598,5,2346,-0.02297,0.02297
down_proj,13598,6,23323,0.02281,0.02281
down_proj,13598,7,6266,-0.02273,0.02273
down_proj,13598,8,14156,-0.02118,0.02118
down_proj,13598,9,23174,-0.02031,0.02031
down_proj,13598,10,10852,0.01945,0.01945
down_proj,13598,11,7973,-0.01912,0.01912
down_proj,13598,12,12312,-0.01891,0.01891
down_proj,13598,13,4673,0.01832,0.01832
down_proj,13598,14,16512,-0.01778,0.01778
down_proj,13598,15,10517,0.01774,0.01774
down_proj,13598,16,3019,0.01773,0.01773
down_proj,13598,17,14201,-0.01714,0.01714
down_proj,13598,18,15711,-0.01682,0.01682
down_proj,13598,19,1276,-0.01668,0.01668
down_proj,13598,20,21212,0.01653,0.01653
down_proj,13598,21,10889,-0.01651,0.01651
down_proj,13598,22,24127,-0.01638,0.01638
down_proj,13598,23,16960,0.01598,0.01598
down_proj,13598,24,2488,-0.01487,0.01487
down_proj,13598,25,14905,0.01474,0.01474
down_proj,13598,26,12748,0.01471,0.01471
down_proj,13598,27,4995,-0.01466,0.01466
down_proj,13598,28,8577,0.01465,0.01465
down_proj,13598,29,294,-0.01449,0.01449
down_proj,13598,30,18622,0.01447,0.01447
down_proj,13598,31,24250,0.01443,0.01443
down_proj,13598,32,16091,0.01438,0.01438
down_proj,13598,33,18157,-0.01428,0.01428
down_proj,13598,34,20972,0.01403,0.01403
down_proj,13598,35,5932,-0.01396,0.01396
down_proj,13598,36,10269,0.01393,0.01393
down_proj,13598,37,7689,-0.01366,0.01366
down_proj,13598,38,4478,-0.01351,0.01351
down_proj,13598,39,17390,0.01346,0.01346
down_proj,13598,40,15388,-0.01333,0.01333
down_proj,13598,41,1481,-0.01333,0.01333
down_proj,13598,42,9320,-0.01328,0.01328
down_proj,13598,43,19455,0.01326,0.01326
down_proj,13598,44,15656,-0.01312,0.01312
down_proj,13598,45,640,-0.01302,0.01302
down_proj,13598,46,1078,-0.01302,0.01302
down_proj,13598,47,2193,-0.013,0.013
down_proj,13598,48,24071,-0.01297,0.01297
down_proj,13598,49,15092,0.01279,0.01279
down_proj,13598,50,5921,0.01273,0.01273
